sum_rate_bps_per_hz,weighted_sum_rate_bps_per_hz,avg_user_rate_bps_per_hz,p05_user_rate_bps_per_hz,p50_user_rate_bps_per_hz,jain_fairness,avg_sinr_db,p05_sinr_db,coverage_rate,coverage_sinr,max_bs_power_watt,max_bs_power_violation_watt,runtime_sec,max_fs_interference_watt,mean_fs_interference_watt,max_fs_violation_watt,protection_satisfaction,final_w_delta,final_history_weighted_sum_rate,algorithm,sweep_value,batch_index,num_iterations_or_layers,converged,weight_profile,fs_mode,used_unfolding,pf_utility,pf_avg_rate_bps_per_hz,pf_p05_rate_bps_per_hz,pf_jain_fairness,pf_slots,tau_rms_ns,bc50_hz,bc90_hz,group_bandwidth_hz,group_over_bc50,group_over_bc90,flat_ok_bc50,flat_ok_bc90,channel_modeling,mean_active_tones_per_bs,min_active_tones_per_bs,max_active_tones_per_bs,active_fraction
541.53857421875,540.5892333984375,4.297924995422363,0.0,5.039256572723389,0.6897668242454529,-12.635274887084961,-120.0,0.7857142686843872,0.7559523582458496,0.07943267375230789,0.0,6.206418207031675,8.240127093302966e-15,1.3106448901100353e-15,8.230127022327682e-15,0.0,0.030167674645781517,540.5892333984375,pf_fs_soft,5.0,0.0,20.0,0.0,pf,budget_dual,0.0,114.70911787820232,2.5606121612943245,1.6330992540145517,0.9378361507700045,6.0,20.0,10000000.0,1000000.0,1023750.0,0.102375,1.02375,1.0,0.0,flat,,,,
535.4459228515625,535.1846923828125,4.249570846557617,0.0,4.778783798217773,0.7005234956741333,-14.947762489318848,-120.0,0.8095238208770752,0.7341269850730896,0.0794326588511467,0.0,2.661636982113123,8.293198789646131e-15,1.2793902213892989e-15,8.283198718670847e-15,0.0,0.03171265125274658,535.1846313476562,pf_fs_soft,5.0,0.0,20.0,0.0,pf,budget_dual,0.0,114.80602395038473,2.5577492435008615,1.7419277269147635,0.9416055278885118,6.0,20.0,10000000.0,1000000.0,1023750.0,0.102375,1.02375,1.0,0.0,selective,,,,
538.1373901367188,540.52587890625,4.270931720733643,0.0,4.8519127368927,0.6785247325897217,-12.417160987854004,-120.0,0.7698412537574768,0.7579365372657776,0.0794326588511467,0.0,2.6478765280917287,1.837308059735249e-15,4.4202477879936707e-16,1.8273079887599648e-15,0.0,0.0314641073346138,540.5258178710938,pf_fs_cognitive,5.0,0.0,20.0,0.0,pf,budget_dual,0.0,114.64963847758283,2.5614947985712995,1.696428627935171,0.9353337314346287,6.0,20.0,10000000.0,1000000.0,1023750.0,0.102375,1.02375,1.0,0.0,flat,4.0,4.0,4.0,0.5
537.5228271484375,536.6576538085938,4.266054153442383,0.0,4.635937690734863,0.6952253580093384,-15.390620231628418,-120.0,0.8015872836112976,0.7361111044883728,0.0794326663017273,0.0,2.652152917929925,1.3754091351362175e-15,3.862429211321227e-16,1.3654091700400516e-15,0.0,0.031174378469586372,536.6576538085938,pf_fs_cognitive,5.0,0.0,20.0,0.0,pf,budget_dual,0.0,114.7677848209462,2.559050629028833,1.65777949124696,0.939112152710493,6.0,20.0,10000000.0,1000000.0,1023750.0,0.102375,1.02375,1.0,0.0,selective,4.0,4.0,4.0,0.5
500.7568054199219,489.1455993652344,3.9742603302001953,0.0,4.429550886154175,0.7144496440887451,-6.5799384117126465,-120.0,0.8095238208770752,0.7857142686843872,0.0794326663017273,0.0,1.312059459858574,7.81225009406335e-15,1.2874236936192955e-15,7.802250023088066e-15,0.0,0.07774055004119873,489.1455993652344,du_pf_soft,5.0,0.0,8.0,0.0,pf,budget_dual,1.0,107.60237484206714,2.436099602517552,1.528498461144447,0.9227898345555429,6.0,20.0,10000000.0,1000000.0,1023750.0,0.102375,1.02375,1.0,0.0,flat,,,,
496.12506103515625,482.6788024902344,3.937500476837158,2.41850464988147e-07,4.463166952133179,0.7309472560882568,-7.407368183135986,-120.0,0.8253968358039856,0.7609127163887024,0.0794326588511467,0.0,1.1009184010326862,6.132431293727567e-15,1.0839526154034196e-15,6.122431222752283e-15,0.0,0.07666574418544769,482.6788024902344,du_pf_soft,5.0,0.0,8.0,0.0,pf,budget_dual,1.0,107.66647299844257,2.4307688915665095,1.590426191408254,0.9292164703716881,6.0,20.0,10000000.0,1000000.0,1023750.0,0.102375,1.02375,1.0,0.0,selective,,,,
504.2515869140625,489.41534423828125,4.0019965171813965,0.0,4.538134813308716,0.7112312316894531,-6.036596298217773,-120.0,0.8015872836112976,0.783730149269104,0.0794326663017273,0.0,1.1012059428030625,2.139844299813725e-15,4.371570657399538e-16,2.129844228838441e-15,0.0,0.079765185713768,489.41534423828125,du_pf_cognitive,5.0,0.0,8.0,0.0,pf,budget_dual,1.0,107.68973968317742,2.43989946224494,1.5055680208973217,0.922031077271422,6.0,20.0,10000000.0,1000000.0,1023750.0,0.102375,1.02375,1.0,0.0,flat,4.0,4.0,4.0,0.5
497.7999267578125,485.37188720703125,3.9507930278778076,2.149782929450339e-08,4.3884971141815186,0.7335958480834961,-8.153827667236328,-120.0,0.8253968358039856,0.7708333134651184,0.0794326663017273,0.0,1.0998044810257852,2.4379687687864273e-15,4.388492787498903e-16,2.427968697811143e-15,0.0,0.07522034645080566,485.37188720703125,du_pf_cognitive,5.0,0.0,8.0,0.0,pf,budget_dual,1.0,107.75372451354735,2.4318863478971,1.615194736868077,0.9296137866880805,6.0,20.0,10000000.0,1000000.0,1023750.0,0.102375,1.02375,1.0,0.0,selective,4.0,4.0,4.0,0.5
554.287841796875,536.3795166015625,4.399109840393066,0.0,5.105550527572632,0.7403528690338135,-7.411657810211182,-120.0,0.8333333134651184,0.7916666865348816,0.07943267375230789,0.0,2.628259772900492,5.7903019808373465e-15,1.1443580288830312e-15,5.780301909862062e-15,0.0,0.028674785047769547,536.3794555664062,pf_fs_soft,5.0,1.0,20.0,0.0,pf,budget_dual,0.0,115.49236506654337,2.579893375241614,1.7527719810014066,0.9344293634624423,6.0,20.0,10000000.0,1000000.0,1023750.0,0.102375,1.02375,1.0,0.0,flat,,,,
553.1651000976562,538.35791015625,4.390199184417725,0.0,4.723524808883667,0.757902204990387,-8.364195823669434,-120.0,0.8730158805847168,0.79067462682724,0.07943267375230789,0.0,2.630993625964038,6.728240198056873e-15,1.1530764331300013e-15,6.718240127081589e-15,0.0,0.029418308287858963,538.35791015625,pf_fs_soft,5.0,1.0,20.0,0.0,pf,budget_dual,0.0,115.88048971830037,2.581133569734371,1.7997134526451228,0.9386173769311688,6.0,20.0,10000000.0,1000000.0,1023750.0,0.102375,1.02375,1.0,0.0,selective,,,,
557.6878662109375,538.9244384765625,4.426094055175781,0.0,5.070214033126831,0.7314815521240234,-7.271900653839111,-120.0,0.8095238208770752,0.7896825671195984,0.0794326663017273,0.0,2.6317572677507997,1.756633677223434e-15,4.076684607142426e-16,1.7466337121272682e-15,0.0,0.02805573120713234,538.9244384765625,pf_fs_cognitive,5.0,1.0,20.0,0.0,pf,budget_dual,0.0,115.58185602133459,2.5827946789683742,1.7803734811113778,0.9328477574435317,6.0,20.0,10000000.0,1000000.0,1023750.0,0.102375,1.02375,1.0,0.0,flat,4.0,4.0,4.0,0.5
552.0782470703125,541.8194580078125,4.38157320022583,0.0,4.896442413330078,0.7457743287086487,-10.042773246765137,-120.0,0.8650793433189392,0.7777777910232544,0.0794326663017273,0.0,2.628500066930428,1.1057525964877852e-15,3.2543694047779863e-16,1.0957526313916193e-15,0.0,0.0308364350348711,541.8194580078125,pf_fs_cognitive,5.0,1.0,20.0,0.0,pf,budget_dual,0.0,115.72522130502475,2.578234066012496,1.8052782964100067,0.9381088958484177,6.0,20.0,10000000.0,1000000.0,1023750.0,0.102375,1.02375,1.0,0.0,selective,4.0,4.0,4.0,0.5
519.9378051757812,497.8722229003906,4.126490592956543,1.219992043388629e-06,4.548658847808838,0.7561423182487488,-0.6150774955749512,-120.0,0.8253968358039856,0.8234127163887024,0.0794326588511467,0.0,1.1092016027541831,5.916121525371921e-15,1.1185433233869171e-15,5.906121454396637e-15,0.0,0.06951193511486053,497.87225341796875,du_pf_soft,5.0,1.0,8.0,0.0,pf,budget_dual,1.0,108.955332964108,2.458817625116804,1.6371063251615707,0.9242391010382153,6.0,20.0,10000000.0,1000000.0,1023750.0,0.102375,1.02375,1.0,0.0,flat,,,,
519.2351684570312,499.654541015625,4.120913982391357,0.0014706690440107195,4.465676307678223,0.7704468369483948,-2.458545207977295,-120.0,0.89682537317276,0.8105158805847168,0.07943267375230789,0.0,1.1038026571040973,7.998117074778203e-15,1.3177483201639467e-15,7.98811700380292e-15,0.0,0.06796873360872269,499.6545715332031,du_pf_soft,5.0,1.0,8.0,0.0,pf,budget_dual,1.0,109.09009416617091,2.4536551648205616,1.6706609828360675,0.9301204003170314,6.0,20.0,10000000.0,1000000.0,1023750.0,0.102375,1.02375,1.0,0.0,selective,,,,
522.1710205078125,499.1809387207031,4.144214630126953,4.643616466637468e-05,4.492496728897095,0.7503054141998291,-1.0229665040969849,-120.0,0.8253968358039856,0.8164682388305664,0.0794326588511467,0.0,1.101790535962209,1.7520427586493158e-15,3.9998179553658744e-16,1.74204279355315e-15,0.0,0.06746627390384674,499.180908203125,du_pf_cognitive,5.0,1.0,8.0,0.0,pf,budget_dual,1.0,108.9268412719334,2.4583725924454036,1.6576909045076373,0.9252475337191041,6.0,20.0,10000000.0,1000000.0,1023750.0,0.102375,1.02375,1.0,0.0,flat,4.0,4.0,4.0,0.5
518.6937866210938,497.8422546386719,4.116617202758789,0.0005427147989394143,4.5078160762786865,0.7654140591621399,-2.510096788406372,-120.0,0.8730158805847168,0.8085317611694336,0.0794326514005661,0.0,1.1074419049546123,1.6110603714468235e-15,3.800690832680433e-16,1.6010604063506576e-15,0.0,0.07234128564596176,497.84222412109375,du_pf_cognitive,5.0,1.0,8.0,0.0,pf,budget_dual,1.0,109.10010261393379,2.4543040034250403,1.6483159478550362,0.9308078400176535,6.0,20.0,10000000.0,1000000.0,1023750.0,0.102375,1.02375,1.0,0.0,selective,4.0,4.0,4.0,0.5
521.6974487304688,516.439453125,4.140455722808838,0.0,4.577818393707275,0.6742574572563171,-16.160400390625,-120.0,0.7539682388305664,0.7371031641960144,0.07943267375230789,0.0,2.631944391876459,5.342953811722723e-15,1.1046905230510467e-15,5.332953740747439e-15,0.0,0.032800741493701935,516.439453125,pf_fs_soft,5.0,2.0,20.0,0.0,pf,budget_dual,0.0,113.7240335594846,2.5401839411892055,1.7367590423617705,0.937313284801832,6.0,20.0,10000000.0,1000000.0,1023750.0,0.102375,1.02375,1.0,0.0,flat,,,,
523.2842407226562,522.124755859375,4.153049468994141,0.0,4.203341960906982,0.6857981085777283,-16.525053024291992,-120.0,0.7777777910232544,0.7242063283920288,0.0794326663017273,0.0,2.62879236205481,5.284916808242753e-15,1.1116586395916342e-15,5.2749167372674686e-15,0.0,0.03278670832514763,522.1246948242188,pf_fs_soft,5.0,2.0,20.0,0.0,pf,budget_dual,0.0,114.33290502189418,2.549682591275768,1.7643903642536696,0.9389502659610975,6.0,20.0,10000000.0,1000000.0,1023750.0,0.102375,1.02375,1.0,0.0,selective,,,,
518.92041015625,519.9203491210938,4.118415832519531,0.0,4.4155778884887695,0.6656087636947632,-16.128177642822266,-120.0,0.738095223903656,0.7271825671195984,0.07943267375230789,0.0,2.6333603309467435,1.6167243748859946e-15,3.7944389354363083e-16,1.6067244097898287e-15,0.0,0.03347880765795708,519.9203491210938,pf_fs_cognitive,5.0,2.0,20.0,0.0,pf,budget_dual,0.0,113.7417477773397,2.5398047695716763,1.7184159202890246,0.9372451665159163,6.0,20.0,10000000.0,1000000.0,1023750.0,0.102375,1.02375,1.0,0.0,flat,4.0,4.0,4.0,0.5
522.534423828125,513.593994140625,4.147098541259766,0.0,4.492271184921265,0.6915990710258484,-16.264575958251953,-120.0,0.7777777910232544,0.7341269850730896,0.0794326663017273,0.0,2.6240883169230074,2.439116498429957e-15,4.739543210208284e-16,2.4291164274546726e-15,0.0,0.03330792859196663,513.593994140625,pf_fs_cognitive,5.0,2.0,20.0,0.0,pf,budget_dual,0.0,113.9893583464262,2.5446607292092964,1.7492277849865707,0.9377673194308916,6.0,20.0,10000000.0,1000000.0,1023750.0,0.102375,1.02375,1.0,0.0,selective,4.0,4.0,4.0,0.5
489.65252685546875,477.92742919921875,3.8861310482025146,0.0,4.365775108337402,0.6967109441757202,-7.687407970428467,-120.0,0.8015872836112976,0.7628968358039856,0.07943267375230789,0.0,1.1019022330874577,4.318479320479908e-15,1.0023983774176443e-15,4.308479249504624e-15,0.0,0.0774952843785286,477.92742919921875,du_pf_soft,5.0,2.0,8.0,0.0,pf,budget_dual,1.0,106.94751966781327,2.417599754619647,1.5484352478908296,0.9289099210790485,6.0,20.0,10000000.0,1000000.0,1023750.0,0.102375,1.02375,1.0,0.0,flat,,,,
488.102294921875,475.34344482421875,3.8738276958465576,4.2995640825438386e-08,4.172118425369263,0.7109811305999756,-9.517545700073242,-120.0,0.8253968358039856,0.7519841194152832,0.0794326663017273,0.0,1.1051372502697632,5.4360304506482354e-15,1.140771797263475e-15,5.426030379672951e-15,0.0,0.07609082013368607,475.34344482421875,du_pf_soft,5.0,2.0,8.0,0.0,pf,budget_dual,1.0,107.34764203437267,2.4202980349128813,1.5536365495405997,0.9319653030991706,6.0,20.0,10000000.0,1000000.0,1023750.0,0.102375,1.02375,1.0,0.0,selective,,,,
487.20361328125,474.5951843261719,3.8666954040527344,0.0,4.226821660995483,0.6970250010490417,-7.625614643096924,-120.0,0.7936508059501648,0.7628968358039856,0.0794326663017273,0.0,1.101428479887545,1.4235809576377536e-15,3.5251724554600866e-16,1.4135809925415878e-15,0.0,0.08182897418737411,474.5951843261719,du_pf_cognitive,5.0,2.0,8.0,0.0,pf,budget_dual,1.0,107.07103209205452,2.421332836423111,1.545832854862454,0.9269824572971924,6.0,20.0,10000000.0,1000000.0,1023750.0,0.102375,1.02375,1.0,0.0,flat,4.0,4.0,4.0,0.5
489.5364074707031,479.25616455078125,3.885209560394287,1.0748914647251695e-08,4.076483964920044,0.7060545086860657,-9.585033416748047,-120.0,0.8095238208770752,0.7480158805847168,0.07943267375230789,0.0,1.1068887419532984,1.8902319488291186e-15,4.0528832460223763e-16,1.8802318778538343e-15,0.0,0.08079367876052856,479.25616455078125,du_pf_cognitive,5.0,2.0,8.0,0.0,pf,budget_dual,1.0,107.35628328451807,2.4203580516333116,1.6104110413317885,0.9319913629006261,6.0,20.0,10000000.0,1000000.0,1023750.0,0.102375,1.02375,1.0,0.0,selective,4.0,4.0,4.0,0.5
523.431884765625,502.5998840332031,4.154221534729004,0.0,4.743102550506592,0.6908648014068604,-13.57181453704834,-120.0,0.7857142686843872,0.7440476417541504,0.07943267375230789,0.0,2.626288764178753,4.3434015708869716e-15,9.700415070742932e-16,4.333401499911687e-15,0.0,0.03338826075196266,502.599853515625,pf_fs_soft,5.0,3.0,20.0,0.0,pf,budget_dual,0.0,112.40380373138338,2.521942457564452,1.6366528990159035,0.9297452095435849,6.0,20.0,10000000.0,1000000.0,1023750.0,0.102375,1.02375,1.0,0.0,flat,,,,
523.5416870117188,506.763671875,4.155092716217041,0.0,4.663491249084473,0.7116082906723022,-15.246996879577637,-120.0,0.817460298538208,0.7341269850730896,0.07943267375230789,0.0,2.6271681310608983,5.398147749115234e-15,1.1111790071852514e-15,5.38814767813995e-15,0.0,0.031819555908441544,506.7637023925781,pf_fs_soft,5.0,3.0,20.0,0.0,pf,budget_dual,0.0,113.40901016590131,2.5353276853884816,1.7348033179940434,0.9334827402981631,6.0,20.0,10000000.0,1000000.0,1023750.0,0.102375,1.02375,1.0,0.0,selective,,,,
525.4776611328125,503.1128234863281,4.17045783996582,0.0,4.764624834060669,0.6962429285049438,-13.503938674926758,-120.0,0.7777777910232544,0.7589285969734192,0.07621689885854721,0.0,2.6269190328894183,1.5667889239091566e-15,3.6568257276606384e-16,1.5567889588129907e-15,0.0,0.029781799763441086,503.1128234863281,pf_fs_cognitive,5.0,3.0,20.0,0.0,pf,budget_dual,0.0,112.730675775394,2.527203278355598,1.6161187031112314,0.9301644474278581,6.0,20.0,10000000.0,1000000.0,1023750.0,0.102375,1.02375,1.0,0.0,flat,4.0,4.0,4.0,0.5
526.2254028320312,508.1978454589844,4.176392078399658,0.0,4.663863658905029,0.7111483216285706,-15.70136547088623,-120.0,0.7936508059501648,0.7301587462425232,0.07840421795845032,0.0,2.6251792329130694,1.3082711861544735e-15,3.416326074759949e-16,1.2982712210583077e-15,0.0,0.032586317509412766,508.19781494140625,pf_fs_cognitive,5.0,3.0,20.0,0.0,pf,budget_dual,0.0,113.54926076832157,2.5375357243409313,1.6900809930654517,0.9345151955781004,6.0,20.0,10000000.0,1000000.0,1023750.0,0.102375,1.02375,1.0,0.0,selective,4.0,4.0,4.0,0.5
488.4589538574219,464.21087646484375,3.8766584396362305,1.1286357093354127e-07,4.301840543746948,0.7114535570144653,-3.532731533050537,-120.0,0.7857142686843872,0.773809552192688,0.07876396179199219,0.0,1.104901607031934,4.638747560034443e-15,1.0189064142849201e-15,4.6287474890591585e-15,0.0,0.07318352162837982,464.2109069824219,du_pf_soft,5.0,3.0,8.0,0.0,pf,budget_dual,1.0,105.8425001335245,2.396874283789965,1.5370452361394167,0.9252341733287688,6.0,20.0,10000000.0,1000000.0,1023750.0,0.102375,1.02375,1.0,0.0,flat,,,,
487.10748291015625,462.427978515625,3.8659324645996094,0.01931976806372404,4.2370524406433105,0.7305249571800232,-6.278983116149902,-120.0,0.8253968358039856,0.7609127163887024,0.07570210844278336,0.0,1.0988397898618132,6.8018520198544815e-15,1.2542200020869269e-15,6.791851948879197e-15,0.0,0.07646125555038452,462.427978515625,du_pf_soft,5.0,3.0,8.0,0.0,pf,budget_dual,1.0,106.39796155664037,2.404669596897938,1.5695246484756342,0.92782293972029,6.0,20.0,10000000.0,1000000.0,1023750.0,0.102375,1.02375,1.0,0.0,selective,,,,
485.343994140625,457.8514404296875,3.8519365787506104,1.1823803802712973e-07,4.338311195373535,0.706804633140564,-3.1213815212249756,-120.0,0.7936508059501648,0.7698412537574768,0.07614859938621521,0.0,1.1065827659331262,1.347075565413206e-15,3.7499093546079657e-16,1.33707560031704e-15,0.0,0.072606660425663,457.8514709472656,du_pf_cognitive,5.0,3.0,8.0,0.0,pf,budget_dual,1.0,105.5219249855822,2.394220463934805,1.5813048219941563,0.9232546905086747,6.0,20.0,10000000.0,1000000.0,1023750.0,0.102375,1.02375,1.0,0.0,flat,4.0,4.0,4.0,0.5
487.1212158203125,463.7327575683594,3.866041421890259,0.00020175186364213005,4.174406290054321,0.7300708889961243,-6.596380710601807,-120.0,0.841269850730896,0.754960298538208,0.07919635623693466,0.0,1.099972204072401,1.7012888620871933e-15,3.9443674728694637e-16,1.6912888969910275e-15,0.0,0.07365884631872177,463.7327880859375,du_pf_cognitive,5.0,3.0,8.0,0.0,pf,budget_dual,1.0,106.51229486751751,2.405808881673629,1.5618808983035897,0.9288114080552162,6.0,20.0,10000000.0,1000000.0,1023750.0,0.102375,1.02375,1.0,0.0,selective,4.0,4.0,4.0,0.5
559.8739013671875,562.0321044921875,4.443443775177002,0.0,4.743042230606079,0.7048580646514893,-8.84486198425293,-120.0,0.7936508059501648,0.766865074634552,0.0794326588511467,0.0,2.626011611078866,6.9650816215374896e-15,1.1623573731330667e-15,6.955081550562205e-15,0.0,0.03485079109668732,562.0321044921875,pf_fs_soft,5.0,0.0,20.0,0.0,pf,budget_dual,0.0,113.18498718634798,2.5351935428516983,1.7144098599110635,0.9332057296912236,6.0,50.0,3999999.9999999995,399999.99999999994,1023750.0,0.25593750000000004,2.559375,1.0,0.0,flat,,,,
562.3457641601562,562.1660766601562,4.463061809539795,0.00011659267443064891,4.623694181442261,0.7361375689506531,-13.288716316223145,-120.0,0.8333333134651184,0.7490079402923584,0.07847099006175995,0.0,2.6265750641468912,4.769094495672092e-15,9.84978191945294e-16,4.7590944246968074e-15,0.0,0.03143376111984253,562.166015625,pf_fs_soft,5.0,0.0,20.0,0.0,pf,budget_dual,0.0,113.57755520865402,2.5305063456636274,1.7757758493491855,0.9429145272034102,6.0,50.0,3999999.9999999995,399999.99999999994,1023750.0,0.25593750000000004,2.559375,1.0,0.0,selective,,,,
562.5870361328125,560.700439453125,4.4649763107299805,0.0,4.944588661193848,0.7043238282203674,-9.838903427124023,-120.0,0.7857142686843872,0.7678571343421936,0.0794326663017273,0.0,2.6449393189977854,1.808808789191931e-15,3.7953172027234926e-16,1.7988087182166466e-15,0.0,0.03225983306765556,560.700439453125,pf_fs_cognitive,5.0,0.0,20.0,0.0,pf,budget_dual,0.0,114.13610721355829,2.5551100211768687,1.6467418958499134,0.9333210002623427,6.0,50.0,3999999.9999999995,399999.99999999994,1023750.0,0.25593750000000004,2.559375,1.0,0.0,flat,4.0,4.0,4.0,0.5
560.1934204101562,557.845458984375,4.445979595184326,0.02105018123984337,5.043615818023682,0.7356531620025635,-13.033726692199707,-120.0,0.8253968358039856,0.745039701461792,0.07809361815452576,0.0,2.631554556894116,1.1104036544011585e-15,3.052076496452182e-16,1.1004036893049927e-15,0.0,0.031799595803022385,557.845458984375,pf_fs_cognitive,5.0,0.0,20.0,0.0,pf,budget_dual,0.0,114.58076972935574,2.5490878527790675,1.7533930408505563,0.943611274472183,6.0,50.0,3999999.9999999995,399999.99999999994,1023750.0,0.25593750000000004,2.559375,1.0,0.0,selective,4.0,4.0,4.0,0.5
523.2437133789062,509.638671875,4.152728080749512,0.0008030890458030626,4.559475898742676,0.7359460592269897,0.015192123129963875,-120.0,0.8333333134651184,0.8025793433189392,0.0794326588511467,0.0,1.102717840927653,5.224346329217545e-15,1.0660803260954723e-15,5.214346258242261e-15,0.0,0.08337701857089996,509.638671875,du_pf_soft,5.0,0.0,8.0,0.0,pf,budget_dual,1.0,107.06116635669063,2.423491406272159,1.593369243467474,0.9266051929489643,6.0,50.0,3999999.9999999995,399999.99999999994,1023750.0,0.25593750000000004,2.559375,1.0,0.0,flat,,,,
523.9453125,508.5367431640625,4.15829610824585,0.33553096652030945,4.4066102504730225,0.7621816396713257,-3.628065586090088,-120.0,0.8650793433189392,0.7847222089767456,0.07814643532037735,0.0,1.0983401491539553,6.584078155049506e-15,1.1493514998653321e-15,6.574078084074222e-15,0.0,0.07692273706197739,508.5367431640625,du_pf_soft,5.0,0.0,8.0,0.0,pf,budget_dual,1.0,107.52913655736535,2.420201522001478,1.593256736249597,0.9353678214526283,6.0,50.0,3999999.9999999995,399999.99999999994,1023750.0,0.25593750000000004,2.559375,1.0,0.0,selective,,,,
524.4158935546875,512.1636962890625,4.1620306968688965,5.50540516996989e-05,4.476297616958618,0.7321043014526367,0.39383459091186523,-120.0,0.817460298538208,0.7896825671195984,0.0794326588511467,0.0,1.2343304319074377,1.8636863597786425e-15,4.017439946437908e-16,1.853686288803358e-15,0.0,0.08108029514551163,512.1636962890625,du_pf_cognitive,5.0,0.0,8.0,0.0,pf,budget_dual,1.0,107.11334200608421,2.426312532762863,1.584297988514435,0.9246990222766838,6.0,50.0,3999999.9999999995,399999.99999999994,1023750.0,0.25593750000000004,2.559375,1.0,0.0,flat,4.0,4.0,4.0,0.5
525.1760864257812,510.981201171875,4.168064117431641,0.333344466984272,4.5128209590911865,0.7705681920051575,-4.151697635650635,-120.0,0.8809523582458496,0.7857142686843872,0.07527270913124084,0.0,1.1011622669175267,1.732931683656009e-15,3.7861462181848927e-16,1.7229317185598432e-15,0.0,0.07649208605289459,510.981201171875,du_pf_cognitive,5.0,0.0,8.0,0.0,pf,budget_dual,1.0,107.91508180869899,2.426640406131928,1.6303949695670372,0.9364908372342754,6.0,50.0,3999999.9999999995,399999.99999999994,1023750.0,0.25593750000000004,2.559375,1.0,0.0,selective,4.0,4.0,4.0,0.5
567.08154296875,561.2232055664062,4.500647068023682,0.0,4.824946641921997,0.7305793166160583,-5.049532413482666,-120.0,0.8571428656578064,0.8095238208770752,0.0794326663017273,0.0,2.634863306186162,4.4964345899509324e-15,9.821378787149134e-16,4.486434518975648e-15,0.0,0.031142061576247215,561.2232055664062,pf_fs_soft,5.0,1.0,20.0,0.0,pf,budget_dual,0.0,115.8905100497778,2.579528633008267,1.8562303343206645,0.9390093472440548,6.0,50.0,3999999.9999999995,399999.99999999994,1023750.0,0.25593750000000004,2.559375,1.0,0.0,flat,,,,
569.0155639648438,563.3226318359375,4.51599645614624,0.018074064515531063,4.761674642562866,0.7692597508430481,-8.168676376342773,-120.0,0.89682537317276,0.788690447807312,0.07932226359844208,0.0,2.6196000861236826,6.310293813090867e-15,1.0829367052623065e-15,6.300293742115583e-15,0.0,0.02933267131447792,563.3226318359375,pf_fs_soft,5.0,1.0,20.0,0.0,pf,budget_dual,0.0,116.57758570253985,2.582185740778243,1.8827896289015398,0.9479268044196104,6.0,50.0,3999999.9999999995,399999.99999999994,1023750.0,0.25593750000000004,2.559375,1.0,0.0,selective,,,,
565.384033203125,565.0057373046875,4.487174987792969,0.0,4.897320985794067,0.7367929220199585,-5.413694381713867,-120.0,0.841269850730896,0.8065476417541504,0.0794326663017273,0.0,2.621906965970993,1.6133517014482648e-15,3.4736154128452894e-16,1.603351736352099e-15,0.0,0.029744857922196388,565.0057373046875,pf_fs_cognitive,5.0,1.0,20.0,0.0,pf,budget_dual,0.0,116.16727117474667,2.582662421175812,1.8378851665653433,0.9403487109214574,6.0,50.0,3999999.9999999995,399999.99999999994,1023750.0,0.25593750000000004,2.559375,1.0,0.0,flat,4.0,4.0,4.0,0.5
568.2753295898438,563.1710205078125,4.510121822357178,0.07203725725412369,4.7048163414001465,0.7618029117584229,-7.5937180519104,-120.0,0.8888888955116272,0.7926587462425232,0.0794326663017273,0.0,2.6170450310455635,1.380082110027101e-15,3.4995123864164056e-16,1.3700821449309352e-15,0.0,0.030600624158978462,563.1710205078125,pf_fs_cognitive,5.0,1.0,20.0,0.0,pf,budget_dual,0.0,116.57502800418209,2.583502094929525,1.9054900737168188,0.9460297702137566,6.0,50.0,3999999.9999999995,399999.99999999994,1023750.0,0.25593750000000004,2.559375,1.0,0.0,selective,4.0,4.0,4.0,0.5
530.8245239257812,521.299072265625,4.212893009185791,0.0043554260628297925,4.407633066177368,0.7519874572753906,1.42618727684021,-120.0,0.8650793433189392,0.8382936716079712,0.07943267375230789,0.0,1.1003632819047198,6.4482267758041254e-15,1.2130603418392355e-15,6.438226704828841e-15,0.0,0.07690317928791046,521.299072265625,du_pf_soft,5.0,1.0,8.0,0.0,pf,budget_dual,1.0,109.53137426884332,2.457780965241349,1.666879093394669,0.9338950724217597,6.0,50.0,3999999.9999999995,399999.99999999994,1023750.0,0.25593750000000004,2.559375,1.0,0.0,flat,,,,
530.8731689453125,519.47265625,4.2132792472839355,0.23346835374832153,4.334918022155762,0.7889272570610046,-3.220611333847046,-120.0,0.9126983880996704,0.8184523582458496,0.07935305684804916,0.0,1.0970134371891618,6.336741993352409e-15,1.163604205631425e-15,6.326741922377125e-15,0.0,0.07202211767435074,519.47265625,du_pf_soft,5.0,1.0,8.0,0.0,pf,budget_dual,1.0,109.62913524968064,2.4502827765859303,1.7749083948744062,0.9411244766532589,6.0,50.0,3999999.9999999995,399999.99999999994,1023750.0,0.25593750000000004,2.559375,1.0,0.0,selective,,,,
532.6779174804688,521.0943603515625,4.227602481842041,0.020394750172272325,4.528316259384155,0.7587723731994629,1.0901610851287842,-120.0,0.8650793433189392,0.8392857313156128,0.0794326663017273,0.0,1.1010203920304775,2.2941853495064835e-15,4.550650098410246e-16,2.284185278531199e-15,0.0,0.07244393229484558,521.0943603515625,du_pf_cognitive,5.0,1.0,8.0,0.0,pf,budget_dual,1.0,109.52732761819414,2.4576977203910206,1.7182625704873258,0.9333427569899265,6.0,50.0,3999999.9999999995,399999.99999999994,1023750.0,0.25593750000000004,2.559375,1.0,0.0,flat,4.0,4.0,4.0,0.5
532.421875,519.5979614257812,4.225570201873779,0.4197656139731407,4.380879163742065,0.7924929857254028,-2.936410427093506,-120.0,0.920634925365448,0.817460298538208,0.0794326588511467,0.0,1.1007423360133544,1.7456833411604489e-15,3.8589288476666985e-16,1.735683376064283e-15,0.0,0.07485201954841614,519.5980224609375,du_pf_cognitive,5.0,1.0,8.0,0.0,pf,budget_dual,1.0,109.75148021840002,2.4537976096816454,1.7717240995174124,0.9407683774168418,6.0,50.0,3999999.9999999995,399999.99999999994,1023750.0,0.25593750000000004,2.559375,1.0,0.0,selective,4.0,4.0,4.0,0.5
564.4609985351562,562.4124755859375,4.479849338531494,0.0,4.981567621231079,0.69865882396698,-11.317900657653809,-120.0,0.7698412537574768,0.7658730149269104,0.0794326588511467,0.0,2.618880619062111,6.671308149056596e-15,1.112444897924923e-15,6.661308078081312e-15,0.0,0.033016424626111984,562.4125366210938,pf_fs_soft,5.0,2.0,20.0,0.0,pf,budget_dual,0.0,115.70222502631523,2.573710180089745,1.8591610582227776,0.9411402950137893,6.0,50.0,3999999.9999999995,399999.99999999994,1023750.0,0.25593750000000004,2.559375,1.0,0.0,flat,,,,
569.7257080078125,566.4555053710938,4.521632671356201,4.694831295637414e-05,4.875061750411987,0.7346420884132385,-12.767133712768555,-120.0,0.8333333134651184,0.754960298538208,0.07431571185588837,0.0,2.6153302369639277,8.149409017619083e-15,1.2958031788082454e-15,8.139408946643799e-15,0.0,0.029845330864191055,566.4555053710938,pf_fs_soft,5.0,2.0,20.0,0.0,pf,budget_dual,0.0,113.0358067923371,2.510952971336241,1.8505105170126441,0.94763770039132,6.0,50.0,3999999.9999999995,399999.99999999994,1023750.0,0.25593750000000004,2.559375,1.0,0.0,selective,,,,
566.2885131835938,564.31884765625,4.494353294372559,0.0,5.133946418762207,0.70185786485672,-10.734964370727539,-120.0,0.7777777910232544,0.7767857313156128,0.079417385160923,0.0,2.630770034971647,1.6018880634192435e-15,3.5684298986807716e-16,1.5918880983230776e-15,0.0,0.028190800920128822,564.31884765625,pf_fs_cognitive,5.0,2.0,20.0,0.0,pf,budget_dual,0.0,115.07667025358577,2.558921099774864,1.8702346883951424,0.9430268526991075,6.0,50.0,3999999.9999999995,399999.99999999994,1023750.0,0.25593750000000004,2.559375,1.0,0.0,flat,4.0,4.0,4.0,0.5
571.83447265625,562.3412475585938,4.5383687019348145,0.0,4.757621765136719,0.7423458099365234,-13.376554489135742,-120.0,0.8571428656578064,0.7539682388305664,0.07680773735046387,0.0,2.626957069034688,2.445936172446538e-15,4.116769911975644e-16,2.4359361014712538e-15,0.0,0.027430448681116104,562.3412475585938,pf_fs_cognitive,5.0,2.0,20.0,0.0,pf,budget_dual,0.0,113.50096974654619,2.5191858669327374,1.8052954855795205,0.9504196666288672,6.0,50.0,3999999.9999999995,399999.99999999994,1023750.0,0.25593750000000004,2.559375,1.0,0.0,selective,4.0,4.0,4.0,0.5
529.5498046875,516.6949462890625,4.2027764320373535,3.7621191495418316e-08,4.561879396438599,0.721240758895874,-2.1317131519317627,-120.0,0.8095238208770752,0.7946428656578064,0.0794326663017273,0.0,1.0975724020972848,5.7991187467853166e-15,1.0841493388054194e-15,5.789118675810032e-15,0.0,0.07398877292871475,516.6949462890625,du_pf_soft,5.0,2.0,8.0,0.0,pf,budget_dual,1.0,108.00690567943731,2.4304978280697545,1.6432377671890013,0.933026654911514,6.0,50.0,3999999.9999999995,399999.99999999994,1023750.0,0.25593750000000004,2.559375,1.0,0.0,flat,,,,
530.741455078125,519.3406982421875,4.212233543395996,0.06733114877715707,4.532851696014404,0.76084965467453,-6.268557548522949,-120.0,0.8730158805847168,0.7807539701461792,0.0794326588511467,0.0,1.0990979368798435,7.135279339761085e-15,1.2484156029367484e-15,7.125279268785801e-15,0.0,0.07648666203022003,519.3407592773438,du_pf_soft,5.0,2.0,8.0,0.0,pf,budget_dual,1.0,109.62993177498932,2.4494507841735476,1.7726862435130415,0.9433978477138079,6.0,50.0,3999999.9999999995,399999.99999999994,1023750.0,0.25593750000000004,2.559375,1.0,0.0,selective,,,,
531.1141967773438,519.20654296875,4.215191841125488,1.6123372859055962e-08,4.4666831493377686,0.7229280471801758,-2.3476765155792236,-120.0,0.7936508059501648,0.7896825671195984,0.0794326588511467,0.0,1.1008507799124345,1.6913829176481727e-15,4.166486246116939e-16,1.6813829525520068e-15,0.0,0.08003310859203339,519.20654296875,du_pf_cognitive,5.0,2.0,8.0,0.0,pf,budget_dual,1.0,108.37432169507964,2.438333374844336,1.6486970013784092,0.9316595986141784,6.0,50.0,3999999.9999999995,399999.99999999994,1023750.0,0.25593750000000004,2.559375,1.0,0.0,flat,4.0,4.0,4.0,0.5
532.2164306640625,518.337890625,4.223939895629883,0.06643927347613499,4.418503522872925,0.7597561478614807,-6.394575595855713,-120.0,0.8650793433189392,0.7728174328804016,0.07727975398302078,0.0,1.0991636699764058,1.5451519966671375e-15,3.8239564454613446e-16,1.5351520315709717e-15,0.0,0.07669501006603241,518.3377685546875,du_pf_cognitive,5.0,2.0,8.0,0.0,pf,budget_dual,1.0,109.65728085630388,2.4510255895844253,1.7277670544937465,0.9425697847411404,6.0,50.0,3999999.9999999995,399999.99999999994,1023750.0,0.25593750000000004,2.559375,1.0,0.0,selective,4.0,4.0,4.0,0.5
549.8946533203125,542.7789306640625,4.364243507385254,0.0,4.902369499206543,0.7017353177070618,-8.00948715209961,-120.0,0.8095238208770752,0.7817460298538208,0.0794326663017273,0.0,2.622026514960453,5.4498417463696904e-15,1.1709325229328324e-15,5.439841675394406e-15,0.0,0.03141843155026436,542.7789916992188,pf_fs_soft,5.0,3.0,20.0,0.0,pf,budget_dual,0.0,116.20548118586215,2.5921712685235807,1.8024773928287625,0.9309633795729962,6.0,50.0,3999999.9999999995,399999.99999999994,1023750.0,0.25593750000000004,2.559375,1.0,0.0,flat,,,,
551.4638671875,546.1058349609375,4.376697540283203,0.025791490450501442,4.339808940887451,0.7369323968887329,-12.279939651489258,-120.0,0.8809523582458496,0.7490079402923584,0.0794326588511467,0.0,2.612459655152634,8.856206343093014e-15,1.3597153086894898e-15,8.84620627211773e-15,0.0,0.032418351620435715,546.1058349609375,pf_fs_soft,5.0,3.0,20.0,0.0,pf,budget_dual,0.0,116.9823913977708,2.5955893127611933,1.8695680482518968,0.9421585773868679,6.0,50.0,3999999.9999999995,399999.99999999994,1023750.0,0.25593750000000004,2.559375,1.0,0.0,selective,,,,
548.107421875,543.798583984375,4.3500590324401855,0.0,4.787147045135498,0.6952385306358337,-8.098464012145996,-120.0,0.8095238208770752,0.7876983880996704,0.0794326663017273,0.0,2.6166162490844727,1.5993149890837217e-15,4.044021957905116e-16,1.5893150239875559e-15,0.0,0.034537091851234436,543.7986450195312,pf_fs_cognitive,5.0,3.0,20.0,0.0,pf,budget_dual,0.0,116.33319203184122,2.5929162389725326,1.8879156175553884,0.9322905922258055,6.0,50.0,3999999.9999999995,399999.99999999994,1023750.0,0.25593750000000004,2.559375,1.0,0.0,flat,4.0,4.0,4.0,0.5
552.3050537109375,546.8963623046875,4.383373260498047,0.04383620161853585,4.557410717010498,0.7281718254089355,-13.608777046203613,-120.0,0.8492063283920288,0.75,0.0794326588511467,0.0,2.6158165510278195,1.8517573830242233e-15,4.1215236196943126e-16,1.841757312048939e-15,0.0,0.02969317138195038,546.8963623046875,pf_fs_cognitive,5.0,3.0,20.0,0.0,pf,budget_dual,0.0,116.95904264255019,2.5958280897836206,1.9260441508727526,0.9413223817779847,6.0,50.0,3999999.9999999995,399999.99999999994,1023750.0,0.25593750000000004,2.559375,1.0,0.0,selective,4.0,4.0,4.0,0.5
514.296630859375,498.25299072265625,4.081719398498535,2.6872286618129237e-08,4.437885284423828,0.7268934845924377,-1.1561800241470337,-120.0,0.841269850730896,0.8154761791229248,0.0794326663017273,0.0,1.0981078209588304,6.063388791163922e-15,1.1574846043457495e-15,6.053388720188638e-15,0.0,0.0762530118227005,498.25299072265625,du_pf_soft,5.0,3.0,8.0,0.0,pf,budget_dual,1.0,109.32937219593069,2.4659616285823986,1.6464484386631724,0.9201707411710879,6.0,50.0,3999999.9999999995,399999.99999999994,1023750.0,0.25593750000000004,2.559375,1.0,0.0,flat,,,,
519.2977905273438,506.72894287109375,4.121410846710205,0.09280398488044739,4.0925774574279785,0.7548248767852783,-5.082859992980957,-120.0,0.8809523582458496,0.7678571343421936,0.0794326588511467,0.0,1.0954280098667368,5.934197208466328e-15,1.1296193379634512e-15,5.924197137491044e-15,0.0,0.0796753317117691,506.72894287109375,du_pf_soft,5.0,3.0,8.0,0.0,pf,budget_dual,1.0,110.19621125557829,2.4684774798004216,1.7093799641510181,0.934209151173448,6.0,50.0,3999999.9999999995,399999.99999999994,1023750.0,0.25593750000000004,2.559375,1.0,0.0,selective,,,,
515.71728515625,502.7806701660156,4.092994213104248,6.642390587785485e-06,4.494930982589722,0.7199492454528809,-1.4312686920166016,-120.0,0.8253968358039856,0.8035714030265808,0.0794326588511467,0.0,1.1055405689403415,1.7402842472755316e-15,4.2589539212929347e-16,1.7302842821793657e-15,0.0,0.07944425195455551,502.78070068359375,du_pf_cognitive,5.0,3.0,8.0,0.0,pf,budget_dual,1.0,109.70465185797028,2.472098047232961,1.7524152735633238,0.9214610019739161,6.0,50.0,3999999.9999999995,399999.99999999994,1023750.0,0.25593750000000004,2.559375,1.0,0.0,flat,4.0,4.0,4.0,0.5
520.7801513671875,506.74542236328125,4.133175849914551,0.03242269455222413,4.223503828048706,0.7565057277679443,-5.620004653930664,-120.0,0.8888888955116272,0.7757936716079712,0.0794326588511467,0.0,1.1038018430117518,1.999906198356079e-15,4.446209877222607e-16,1.9899061273807948e-15,0.0,0.07659465819597244,506.74542236328125,du_pf_cognitive,5.0,3.0,8.0,0.0,pf,budget_dual,1.0,110.21986932434292,2.4683751687477673,1.7532473988060793,0.9350286455570191,6.0,50.0,3999999.9999999995,399999.99999999994,1023750.0,0.25593750000000004,2.559375,1.0,0.0,selective,4.0,4.0,4.0,0.5
539.8995361328125,532.8287353515625,4.284916877746582,0.0,4.472140789031982,0.679835855960846,-11.720759391784668,-120.0,0.7936508059501648,0.7460317611694336,0.07845532894134521,0.0,2.6191072129877284,3.920564841199993e-15,9.543049054637292e-16,3.910564770224709e-15,0.0,0.03275769203901291,532.8287963867188,pf_fs_soft,5.0,0.0,20.0,0.0,pf,budget_dual,0.0,114.39314239700651,2.551966032838832,1.814489947665282,0.9366496575706802,6.0,100.0,1999999.9999999998,199999.99999999997,1023750.0,0.5118750000000001,5.11875,1.0,0.0,flat,,,,
546.0176391601562,533.515869140625,4.333473205566406,0.324882909655571,4.235265254974365,0.7492977380752563,-16.667272567749023,-120.0,0.8809523582458496,0.7271825671195984,0.0794326439499855,0.0,2.6293349131010473,3.7817336000461714e-15,9.326636371778554e-16,3.771733529070887e-15,0.0,0.030929449945688248,533.515869140625,pf_fs_soft,5.0,0.0,20.0,0.0,pf,budget_dual,0.0,115.58825419561373,2.561410655793377,1.8869237941161694,0.9494472008130682,6.0,100.0,1999999.9999999998,199999.99999999997,1023750.0,0.5118750000000001,5.11875,1.0,0.0,selective,,,,
541.67529296875,527.6094970703125,4.299010276794434,0.0,4.494332551956177,0.6847079396247864,-12.636543273925781,-120.0,0.7857142686843872,0.7460317611694336,0.07107110321521759,0.0,2.6149775099474937,1.3164504539305163e-15,3.1553650175293515e-16,1.3064504888343504e-15,0.0,0.03596077114343643,527.6094970703125,pf_fs_cognitive,5.0,0.0,20.0,0.0,pf,budget_dual,0.0,114.21963393473528,2.551730974246231,1.7602543244464581,0.9350891620048545,6.0,100.0,1999999.9999999998,199999.99999999997,1023750.0,0.5118750000000001,5.11875,1.0,0.0,flat,4.0,4.0,4.0,0.5
544.2467041015625,533.2809448242188,4.319418430328369,0.11840210109949112,4.239451169967651,0.7556530833244324,-17.19336700439453,-120.0,0.920634925365448,0.7271825671195984,0.07287469506263733,0.0,2.617100400151685,1.9848789868388405e-15,4.157191912405395e-16,1.9748789158635562e-15,0.0,0.030314341187477112,533.281005859375,pf_fs_cognitive,5.0,0.0,20.0,0.0,pf,budget_dual,0.0,115.62859834584512,2.561964342862002,1.8887996867191192,0.9498316897927639,6.0,100.0,1999999.9999999998,199999.99999999997,1023750.0,0.5118750000000001,5.11875,1.0,0.0,selective,4.0,4.0,4.0,0.5
504.72235107421875,488.605712890625,4.005733013153076,2.1712596662837313e-06,4.1209728717803955,0.7064568400382996,-2.062159776687622,-120.0,0.817460298538208,0.7946428656578064,0.0781402587890625,0.0,1.09737369697541,5.8514128668829025e-15,1.1342782309315866e-15,5.841412795907618e-15,0.0,0.08073100447654724,488.6056823730469,du_pf_soft,5.0,0.0,8.0,0.0,pf,budget_dual,1.0,107.60085803843225,2.426618911818468,1.7190140506109386,0.9292025378250115,6.0,100.0,1999999.9999999998,199999.99999999997,1023750.0,0.5118750000000001,5.11875,1.0,0.0,flat,,,,
510.76220703125,495.8213195800781,4.05366849899292,0.24178675934672356,4.0694639682769775,0.7642785310745239,-8.666165351867676,-120.0,0.8888888955116272,0.7529761791229248,0.07596398144960403,0.0,1.0937025661114603,6.70638886560008e-15,1.1882652522533788e-15,6.696388794624796e-15,0.0,0.0756208673119545,495.8213195800781,du_pf_soft,5.0,0.0,8.0,0.0,pf,budget_dual,1.0,108.93426276753942,2.4328932822873948,1.776523035576701,0.9458396832971563,6.0,100.0,1999999.9999999998,199999.99999999997,1023750.0,0.5118750000000001,5.11875,1.0,0.0,selective,,,,
506.5421447753906,491.83599853515625,4.020175933837891,7.52424043071187e-08,4.300562381744385,0.7081911563873291,-2.9611592292785645,-120.0,0.8095238208770752,0.7827380895614624,0.07589470595121384,0.0,1.0943427250022069,1.4687235785616716e-15,3.7823695100313226e-16,1.4587236134655057e-15,0.0,0.0818224623799324,491.8359680175781,du_pf_cognitive,5.0,0.0,8.0,0.0,pf,budget_dual,1.0,107.84181467748928,2.430609278328051,1.6748475067881419,0.929523998141627,6.0,100.0,1999999.9999999998,199999.99999999997,1023750.0,0.5118750000000001,5.11875,1.0,0.0,flat,4.0,4.0,4.0,0.5
510.2156677246094,496.37109375,4.049330711364746,0.4294446334242821,4.085024118423462,0.7677704691886902,-9.843878746032715,-120.0,0.89682537317276,0.7371031641960144,0.07375884801149368,0.0,1.0914024410303682,2.1879453950641656e-15,4.267675713671694e-16,2.1779453240888813e-15,0.0,0.08253451436758041,496.37109375,du_pf_cognitive,5.0,0.0,8.0,0.0,pf,budget_dual,1.0,108.81176133265984,2.4307987495432934,1.806652140214808,0.9457553198816737,6.0,100.0,1999999.9999999998,199999.99999999997,1023750.0,0.5118750000000001,5.11875,1.0,0.0,selective,4.0,4.0,4.0,0.5
576.054443359375,565.6326904296875,4.5718607902526855,0.0,5.15602970123291,0.7415856719017029,-5.127832889556885,-120.0,0.841269850730896,0.817460298538208,0.07943267375230789,0.0,2.6037427239352837,8.047717630103521e-15,1.3285556135379643e-15,8.037717559128237e-15,0.0,0.029996098950505257,565.6326904296875,pf_fs_soft,5.0,1.0,20.0,0.0,pf,budget_dual,0.0,116.73603521105329,2.596623101867677,1.6858765146269363,0.943287838212582,6.0,100.0,1999999.9999999998,199999.99999999997,1023750.0,0.5118750000000001,5.11875,1.0,0.0,flat,,,,
574.607177734375,565.3416748046875,4.5603742599487305,0.2582593709230423,4.750527620315552,0.7957589030265808,-10.44970417022705,-120.0,0.9047619104385376,0.77182537317276,0.0794326663017273,0.0,2.5989977900171652,7.837241801172089e-15,1.2305655482436665e-15,7.827241730196804e-15,0.0,0.03167497366666794,565.3416748046875,pf_fs_soft,5.0,1.0,20.0,0.0,pf,budget_dual,0.0,117.53434725531987,2.6001210127459493,1.8429141375302671,0.9522153332357775,6.0,100.0,1999999.9999999998,199999.99999999997,1023750.0,0.5118750000000001,5.11875,1.0,0.0,selective,,,,
577.06005859375,566.4412841796875,4.579841613769531,0.0,5.022053003311157,0.7397703528404236,-4.336275577545166,-120.0,0.8333333134651184,0.8085317611694336,0.0794326663017273,0.0,2.603335924912244,3.4201441287092568e-15,5.718223606311623e-16,3.4101440577339725e-15,0.0,0.030103061348199844,566.4412841796875,pf_fs_cognitive,5.0,1.0,20.0,0.0,pf,budget_dual,0.0,116.77292287508591,2.5991509291655484,1.7375040380709739,0.9423360356256544,6.0,100.0,1999999.9999999998,199999.99999999997,1023750.0,0.5118750000000001,5.11875,1.0,0.0,flat,4.0,4.0,4.0,0.5
578.516357421875,568.0872192382812,4.591399669647217,0.09874168410897255,4.923327207565308,0.786639928817749,-11.211076736450195,-120.0,0.9047619104385376,0.7678571343421936,0.07943267375230789,0.0,2.597432812093757,1.5652926402078319e-15,3.8867083519630874e-16,1.555292675111666e-15,0.0,0.028454914689064026,568.087158203125,pf_fs_cognitive,5.0,1.0,20.0,0.0,pf,budget_dual,0.0,117.62880645509624,2.6029175301867253,1.8917760550121145,0.952069820338877,6.0,100.0,1999999.9999999998,199999.99999999997,1023750.0,0.5118750000000001,5.11875,1.0,0.0,selective,4.0,4.0,4.0,0.5
542.37744140625,526.5453491210938,4.3045830726623535,4.906800495518837e-05,4.701240062713623,0.7543685436248779,1.427708625793457,-120.0,0.841269850730896,0.8283730149269104,0.07943267375230789,0.0,1.0916938909795135,6.708304854126769e-15,1.2382828654261004e-15,6.698304783151485e-15,0.0,0.06828627735376358,526.5453491210938,du_pf_soft,5.0,1.0,8.0,0.0,pf,budget_dual,1.0,110.28260452974753,2.4744736394728544,1.6339913753996855,0.9377265692980112,6.0,100.0,1999999.9999999998,199999.99999999997,1023750.0,0.5118750000000001,5.11875,1.0,0.0,flat,,,,
541.3193359375,527.3908081054688,4.29618501663208,0.2764182537794113,4.422093152999878,0.8078750371932983,-5.037198543548584,-120.0,0.9126983880996704,0.7936508059501648,0.07923497259616852,0.0,1.0918419489171356,8.08374702354793e-15,1.3255190004220576e-15,8.073746952572645e-15,0.0,0.0728420615196228,527.390869140625,du_pf_soft,5.0,1.0,8.0,0.0,pf,budget_dual,1.0,110.79116647236596,2.469686358698775,1.7611278049004002,0.9486805932712713,6.0,100.0,1999999.9999999998,199999.99999999997,1023750.0,0.5118750000000001,5.11875,1.0,0.0,selective,,,,
541.0617065429688,526.40185546875,4.294140338897705,3.6330947068563546e-06,4.7182652950286865,0.7658504843711853,1.7776720523834229,-120.0,0.8571428656578064,0.841269850730896,0.07943267375230789,0.0,1.0931982571491972,2.221702622627565e-15,4.646819042867947e-16,2.2117025516522806e-15,0.0,0.07098965346813202,526.40185546875,du_pf_cognitive,5.0,1.0,8.0,0.0,pf,budget_dual,1.0,110.2486993586445,2.47198515229598,1.65786698087559,0.9381364465854453,6.0,100.0,1999999.9999999998,199999.99999999997,1023750.0,0.5118750000000001,5.11875,1.0,0.0,flat,4.0,4.0,4.0,0.5
543.4521484375,528.6604614257812,4.313112258911133,0.36642490327358246,4.419127941131592,0.8018523454666138,-4.733767032623291,-120.0,0.920634925365448,0.79067462682724,0.0794326588511467,0.0,1.0906249459367245,1.6083941234871038e-15,3.710461442067557e-16,1.5983941583909379e-15,0.0,0.07096634060144424,528.6604614257812,du_pf_cognitive,5.0,1.0,8.0,0.0,pf,budget_dual,1.0,110.73467023171798,2.469080484995949,1.703428805125594,0.9475953094352745,6.0,100.0,1999999.9999999998,199999.99999999997,1023750.0,0.5118750000000001,5.11875,1.0,0.0,selective,4.0,4.0,4.0,0.5
559.1668090820312,560.5841064453125,4.437831878662109,0.0,5.190718650817871,0.6839134097099304,-15.152332305908203,-120.0,0.7539682388305664,0.7410714030265808,0.07943267375230789,0.0,2.608693083166145,2.4691330167400443e-15,8.108739048294023e-16,2.45913294576476e-15,0.0,0.029610011726617813,560.5841064453125,pf_fs_soft,5.0,2.0,20.0,0.0,pf,budget_dual,0.0,115.82617497159545,2.581782923593791,1.7037975889191623,0.9401800553301455,6.0,100.0,1999999.9999999998,199999.99999999997,1023750.0,0.5118750000000001,5.11875,1.0,0.0,flat,,,,
548.581298828125,546.8195190429688,4.353819847106934,0.06602642685174942,4.702834606170654,0.7449758648872375,-15.863978385925293,-120.0,0.8650793433189392,0.7251983880996704,0.07888400554656982,0.0,2.612856691936031,3.706685633886493e-15,8.36208289704864e-16,3.696685562911209e-15,0.0,0.03490494564175606,546.819580078125,pf_fs_soft,5.0,2.0,20.0,0.0,pf,budget_dual,0.0,116.76506299449679,2.585639809030179,1.7655646619142669,0.9511034977508102,6.0,100.0,1999999.9999999998,199999.99999999997,1023750.0,0.5118750000000001,5.11875,1.0,0.0,selective,,,,
552.688720703125,558.0408325195312,4.386418342590332,0.0,5.054680585861206,0.6824259161949158,-14.98158073425293,-120.0,0.7460317611694336,0.745039701461792,0.0794326663017273,0.0,2.601846678298898,9.923216499606335e-16,2.9992798740586374e-16,9.823216848644676e-16,0.0,0.032251134514808655,558.0408935546875,pf_fs_cognitive,5.0,2.0,20.0,0.0,pf,budget_dual,0.0,115.34854015868957,2.5731945858625895,1.6428065800230394,0.9396323733543084,6.0,100.0,1999999.9999999998,199999.99999999997,1023750.0,0.5118750000000001,5.11875,1.0,0.0,flat,4.0,4.0,4.0,0.5
551.3277587890625,550.635498046875,4.375617027282715,1.327471522927226e-06,4.6662187576293945,0.7343175411224365,-17.07190704345703,-120.0,0.8492063283920288,0.72817462682724,0.0794326514005661,0.0,2.6114224180346355,1.3224825990643878e-15,3.4255407344348915e-16,1.3124826339682219e-15,0.0,0.03088696300983429,550.635498046875,pf_fs_cognitive,5.0,2.0,20.0,0.0,pf,budget_dual,0.0,116.77916393463407,2.5874061940171025,1.8038167971359425,0.9499178908617295,6.0,100.0,1999999.9999999998,199999.99999999997,1023750.0,0.5118750000000001,5.11875,1.0,0.0,selective,4.0,4.0,4.0,0.5
518.3961181640625,512.9110107421875,4.114254951477051,0.0,4.549924612045288,0.7065566182136536,-4.918375492095947,-120.0,0.7936508059501648,0.766865074634552,0.0794326663017273,0.0,1.0952307569095865,3.3134798107603645e-15,8.60021403407057e-16,3.3034797397850802e-15,0.0,0.07829330861568451,512.9110107421875,du_pf_soft,5.0,2.0,8.0,0.0,pf,budget_dual,1.0,108.69837122121113,2.449216785676017,1.4418125534517305,0.9328873622508684,6.0,100.0,1999999.9999999998,199999.99999999997,1023750.0,0.5118750000000001,5.11875,1.0,0.0,flat,,,,
515.7025146484375,507.05145263671875,4.09287691116333,0.10604465007781982,4.335133790969849,0.7674577832221985,-9.83228588104248,-120.0,0.8730158805847168,0.7519841194152832,0.0790322870016098,0.0,1.0910102430498227,3.934889862403958e-15,9.017551931743092e-16,3.9248897914286734e-15,0.0,0.07725244760513306,507.0514831542969,du_pf_soft,5.0,2.0,8.0,0.0,pf,budget_dual,1.0,109.82691848985075,2.4533360308505054,1.6572523432000241,0.9462946774711957,6.0,100.0,1999999.9999999998,199999.99999999997,1023750.0,0.5118750000000001,5.11875,1.0,0.0,selective,,,,
519.8767700195312,516.96728515625,4.126006126403809,0.0,4.683203220367432,0.703740119934082,-4.262683391571045,-120.0,0.7698412537574768,0.7638888955116272,0.0794326663017273,0.0,1.0929519159253687,1.1015069497187914e-15,3.029393218822508e-16,1.0915069846226255e-15,0.0,0.08382924646139145,516.9673461914062,du_pf_cognitive,5.0,2.0,8.0,0.0,pf,budget_dual,1.0,109.02660187333453,2.453271221430588,1.5203246913436712,0.9342650368736705,6.0,100.0,1999999.9999999998,199999.99999999997,1023750.0,0.5118750000000001,5.11875,1.0,0.0,flat,4.0,4.0,4.0,0.5
516.3182373046875,507.9055480957031,4.097764015197754,0.022428083582781255,4.422567367553711,0.7696999907493591,-10.052334785461426,-120.0,0.89682537317276,0.7470238208770752,0.0794326588511467,0.0,1.08774927794002,1.511853331565558e-15,3.655118691574125e-16,1.5018533664693922e-15,0.0,0.07798682153224945,507.905517578125,du_pf_cognitive,5.0,2.0,8.0,0.0,pf,budget_dual,1.0,109.95534561905815,2.4564970856393713,1.6460095310866498,0.9454563925734837,6.0,100.0,1999999.9999999998,199999.99999999997,1023750.0,0.5118750000000001,5.11875,1.0,0.0,selective,4.0,4.0,4.0,0.5
539.8447265625,524.0979614257812,4.284482002258301,0.0,4.574164628982544,0.7421001195907593,-7.251580715179443,-120.0,0.8492063283920288,0.8065476417541504,0.0794326663017273,0.0,2.5933324759826064,4.504072709552798e-15,1.0741706554120533e-15,4.494072638577514e-15,0.0,0.02899380587041378,524.0979614257812,pf_fs_soft,5.0,3.0,20.0,0.0,pf,budget_dual,0.0,114.57838328122152,2.5539643829742613,1.725391524021389,0.9437947689979787,6.0,100.0,1999999.9999999998,199999.99999999997,1023750.0,0.5118750000000001,5.11875,1.0,0.0,flat,,,,
542.432861328125,532.4669189453125,4.305022716522217,0.22362904250621796,4.431949853897095,0.786186158657074,-13.980401039123535,-120.0,0.8888888955116272,0.745039701461792,0.07260143756866455,0.0,2.5986488679191098,6.267259457172665e-15,1.1148182842431295e-15,6.257259386197381e-15,0.0,0.029885046184062958,532.4669189453125,pf_fs_soft,5.0,3.0,20.0,0.0,pf,budget_dual,0.0,116.34296160207187,2.57561636271256,1.8718775130208507,0.9517683534996116,6.0,100.0,1999999.9999999998,199999.99999999997,1023750.0,0.5118750000000001,5.11875,1.0,0.0,selective,,,,
540.5995483398438,524.7537231445312,4.290472507476807,0.0,4.680776596069336,0.7440375089645386,-6.387915134429932,-120.0,0.8492063283920288,0.8065476417541504,0.0794326588511467,0.0,2.5991470857989043,1.1081329708278066e-15,3.2480042168771663e-16,1.0981330057316407e-15,0.0,0.02825014851987362,524.7537231445312,pf_fs_cognitive,5.0,3.0,20.0,0.0,pf,budget_dual,0.0,114.77954495992586,2.5589029427155725,1.693128260336023,0.9413571326828284,6.0,100.0,1999999.9999999998,199999.99999999997,1023750.0,0.5118750000000001,5.11875,1.0,0.0,flat,4.0,4.0,4.0,0.5
541.8025512695312,531.048583984375,4.300020217895508,0.2778458967804909,4.38738489151001,0.7831953763961792,-15.338391304016113,-120.0,0.8888888955116272,0.7351190447807312,0.07206392288208008,0.0,2.595137048047036,1.8747702094099386e-15,4.0439788121643654e-16,1.8647701384346543e-15,0.0,0.028906408697366714,531.048583984375,pf_fs_cognitive,5.0,3.0,20.0,0.0,pf,budget_dual,0.0,116.18755438895981,2.5709295270429786,1.7881132939961841,0.9532854048358046,6.0,100.0,1999999.9999999998,199999.99999999997,1023750.0,0.5118750000000001,5.11875,1.0,0.0,selective,4.0,4.0,4.0,0.5
509.8783264160156,489.86083984375,4.0466532707214355,0.0009055937916855328,4.454217910766602,0.7628118395805359,1.3145982027053833,-120.0,0.8571428656578064,0.8313491940498352,0.07917473465204239,0.0,1.0864946919027716,4.300653935621415e-15,1.0418766772650359e-15,4.290653864646131e-15,0.0,0.0716901496052742,489.8608703613281,du_pf_soft,5.0,3.0,8.0,0.0,pf,budget_dual,1.0,108.13028546822162,2.4302553098222504,1.7211025798346058,0.9371180139248904,6.0,100.0,1999999.9999999998,199999.99999999997,1023750.0,0.5118750000000001,5.11875,1.0,0.0,flat,,,,
505.8655090332031,491.9321594238281,4.014805793762207,0.46798474341630936,4.14087986946106,0.800380289554596,-7.040591239929199,-120.0,0.89682537317276,0.7708333134651184,0.0794326588511467,0.0,1.0822863607900217,6.1333579477718635e-15,1.2007954106421116e-15,6.123357876796579e-15,0.0,0.07502759248018265,491.93212890625,du_pf_soft,5.0,3.0,8.0,0.0,pf,budget_dual,1.0,109.13997909273782,2.4361956605907826,1.6770703579272876,0.9485194073577934,6.0,100.0,1999999.9999999998,199999.99999999997,1023750.0,0.5118750000000001,5.11875,1.0,0.0,selective,,,,
509.5390625,487.64501953125,4.043961048126221,3.7244703889882658e-06,4.413426160812378,0.7631030082702637,0.2361764758825302,-120.0,0.841269850730896,0.829365074634552,0.0794326663017273,0.0,1.0788232440827414,1.3496673803526857e-15,3.7954236112374914e-16,1.3396674152565198e-15,0.0,0.0694899633526802,487.64501953125,du_pf_cognitive,5.0,3.0,8.0,0.0,pf,budget_dual,1.0,108.14145248817715,2.431521796408554,1.7091315063718409,0.9367096549676592,6.0,100.0,1999999.9999999998,199999.99999999997,1023750.0,0.5118750000000001,5.11875,1.0,0.0,flat,4.0,4.0,4.0,0.5
506.18438720703125,490.1014709472656,4.017336368560791,0.5014846250414848,4.133501052856445,0.8053346276283264,-6.780466079711914,-120.0,0.920634925365448,0.7658730149269104,0.07462746649980545,0.0,1.0808918400434777,1.5642652951219308e-15,4.0262136195846866e-16,1.554265330025765e-15,0.0,0.07387391477823257,490.1014404296875,du_pf_cognitive,5.0,3.0,8.0,0.0,pf,budget_dual,1.0,109.41626152975833,2.44296297229075,1.6804369105427728,0.9474925171120275,6.0,100.0,1999999.9999999998,199999.99999999997,1023750.0,0.5118750000000001,5.11875,1.0,0.0,selective,4.0,4.0,4.0,0.5
572.1906127929688,570.7037963867188,4.541195392608643,0.0,5.135142087936401,0.6908400654792786,-10.579300880432129,-120.0,0.7857142686843872,0.7698412537574768,0.07838591933250427,0.0,2.589122442062944,5.473838189765405e-15,1.112665126491209e-15,5.4638381187901205e-15,0.0,0.03191870078444481,570.7037963867188,pf_fs_soft,5.0,0.0,20.0,0.0,pf,budget_dual,0.0,115.9418844703201,2.587531761706697,1.7461756762620806,0.9353270065877703,6.0,200.0,999999.9999999999,99999.99999999999,1023750.0,1.0237500000000002,10.2375,0.0,0.0,flat,,,,
568.39208984375,566.7593383789062,4.511048316955566,6.718022405038937e-07,4.516664981842041,0.7502906918525696,-15.698165893554688,-120.0,0.8888888955116272,0.7291666865348816,0.0781550481915474,0.0,2.5937063209712505,5.871390562460369e-15,1.1050862991956512e-15,5.8613904914850846e-15,0.0,0.02987261861562729,566.7593383789062,pf_fs_soft,5.0,0.0,20.0,0.0,pf,budget_dual,0.0,117.12595465533224,2.5931704856235513,1.889648665504813,0.9493650792503752,6.0,200.0,999999.9999999999,99999.99999999999,1023750.0,1.0237500000000002,10.2375,0.0,0.0,selective,,,,
571.7174072265625,568.02294921875,4.537439823150635,0.0,5.198318958282471,0.6983679533004761,-10.292040824890137,-120.0,0.7777777910232544,0.766865074634552,0.07363256067037582,0.0,2.5775630850112066,1.4501967445437335e-15,3.298418294408762e-16,1.4401967794475676e-15,0.0,0.032287005335092545,568.02294921875,pf_fs_cognitive,5.0,0.0,20.0,0.0,pf,budget_dual,0.0,115.87740217021366,2.5862332701297346,1.7141238029102008,0.935060016628321,6.0,200.0,999999.9999999999,99999.99999999999,1023750.0,1.0237500000000002,10.2375,0.0,0.0,flat,4.0,4.0,4.0,0.5
565.79833984375,563.4830322265625,4.490462779998779,2.84845413034418e-07,4.508219480514526,0.7506763339042664,-15.51801586151123,-120.0,0.8650793433189392,0.72817462682724,0.07554467767477036,0.0,2.5664498491678387,1.708006362754512e-15,4.012496715097291e-16,1.698006397658346e-15,0.0,0.03271060809493065,563.4830932617188,pf_fs_cognitive,5.0,0.0,20.0,0.0,pf,budget_dual,0.0,116.9685423227781,2.588730500532252,1.8613796558923212,0.9497301071783386,6.0,200.0,999999.9999999999,99999.99999999999,1023750.0,1.0237500000000002,10.2375,0.0,0.0,selective,4.0,4.0,4.0,0.5
535.2982177734375,520.8986206054688,4.248398780822754,0.0,4.877863645553589,0.7227760553359985,-1.2565330266952515,-120.0,0.8015872836112976,0.7827380895614624,0.07525651901960373,0.0,1.0897479350678623,6.880208920222609e-15,1.1845426483293145e-15,6.8702088492473244e-15,0.0,0.07661519199609756,520.898681640625,du_pf_soft,5.0,0.0,8.0,0.0,pf,budget_dual,1.0,109.08167521651093,2.45947639850836,1.6903625964778575,0.9262369979246902,6.0,200.0,999999.9999999999,99999.99999999999,1023750.0,1.0237500000000002,10.2375,0.0,0.0,flat,,,,
531.1707763671875,525.025146484375,4.215641021728516,0.06581187527626753,4.239432334899902,0.7665919661521912,-8.887928009033203,-120.0,0.9047619104385376,0.7569444179534912,0.0794326588511467,0.0,1.0794720439007506,5.42063816793073e-15,1.1207987603672185e-15,5.410638096955446e-15,0.0,0.07667006552219391,525.025146484375,du_pf_soft,5.0,0.0,8.0,0.0,pf,budget_dual,1.0,110.12185448376856,2.4592481044822136,1.7776021060201157,0.9430847629681285,6.0,200.0,999999.9999999999,99999.99999999999,1023750.0,1.0237500000000002,10.2375,0.0,0.0,selective,,,,
536.034912109375,522.5557250976562,4.254245281219482,1.0748914647251695e-08,4.74560809135437,0.7228471040725708,-1.7406069040298462,-120.0,0.7857142686843872,0.79067462682724,0.07864582538604736,0.0,1.3778673799242824,1.470869960050014e-15,3.6170326491942234e-16,1.4608699949538481e-15,0.0,0.07639524340629578,522.5556640625,du_pf_cognitive,5.0,0.0,8.0,0.0,pf,budget_dual,1.0,109.20701962820185,2.4632851390408583,1.637282927014485,0.9252798930297315,6.0,200.0,999999.9999999999,99999.99999999999,1023750.0,1.0237500000000002,10.2375,0.0,0.0,flat,4.0,4.0,4.0,0.5
529.380859375,521.97314453125,4.201435565948486,0.09689492173492908,4.217189788818359,0.7778465151786804,-8.481029510498047,-120.0,0.9126983880996704,0.7579365372657776,0.07794445008039474,0.0,1.0798571232007816,1.4533557539205184e-15,3.576560620881025e-16,1.4433557888243525e-15,0.0,0.08047914505004883,521.9732055664062,du_pf_cognitive,5.0,0.0,8.0,0.0,pf,budget_dual,1.0,110.24962893868057,2.460095043979532,1.7603946871318814,0.9450108503280011,6.0,200.0,999999.9999999999,99999.99999999999,1023750.0,1.0237500000000002,10.2375,0.0,0.0,selective,4.0,4.0,4.0,0.5
546.49169921875,537.0805053710938,4.337235927581787,0.0,5.036677122116089,0.7135780453681946,-12.155926704406738,-120.0,0.7936508059501648,0.7628968358039856,0.0794326663017273,0.0,2.588211244903505,6.49358030793191e-15,1.0999793257984183e-15,6.4835802369566254e-15,0.0,0.03192605450749397,537.0804443359375,pf_fs_soft,5.0,1.0,20.0,0.0,pf,budget_dual,0.0,113.19482686849987,2.5245780098885837,1.6663003051646499,0.9434148421530263,6.0,200.0,999999.9999999999,99999.99999999999,1023750.0,1.0237500000000002,10.2375,0.0,0.0,flat,,,,
547.692626953125,542.4593505859375,4.346766948699951,0.000621646293438971,4.726914167404175,0.7627130150794983,-17.521221160888672,-120.0,0.8492063283920288,0.7222222089767456,0.07666423916816711,0.0,2.5750766090350226,7.0392075923340815e-15,1.1708965240325741e-15,7.029207521358797e-15,0.0,0.030360747128725052,542.4593505859375,pf_fs_soft,5.0,1.0,20.0,0.0,pf,budget_dual,0.0,113.64300611378667,2.5219190934176514,1.7564405455200895,0.9503160007717429,6.0,200.0,999999.9999999999,99999.99999999999,1023750.0,1.0237500000000002,10.2375,0.0,0.0,selective,,,,
545.1060791015625,537.5296020507812,4.326238632202148,0.0,5.327700853347778,0.7142541408538818,-14.008368492126465,-120.0,0.8015872836112976,0.75,0.0794326588511467,0.0,2.581133514177054,1.424427990585008e-15,3.309555983571768e-16,1.414428025488842e-15,0.0,0.032653119415044785,537.5296020507812,pf_fs_cognitive,5.0,1.0,20.0,0.0,pf,budget_dual,0.0,113.065265280271,2.521766113562966,1.6237034977553038,0.9428896643212374,6.0,200.0,999999.9999999999,99999.99999999999,1023750.0,1.0237500000000002,10.2375,0.0,0.0,flat,4.0,4.0,4.0,0.5
546.681884765625,542.826904296875,4.3387451171875,0.08309582620859146,4.6646857261657715,0.7672861218452454,-17.56804847717285,-120.0,0.8730158805847168,0.7251983880996704,0.07884065806865692,0.0,2.5772833491209894,1.061876183940894e-15,2.8939592680014457e-16,1.0518762188447281e-15,0.0,0.031423717737197876,542.826904296875,pf_fs_cognitive,5.0,1.0,20.0,0.0,pf,budget_dual,0.0,114.47721385732224,2.5359412157368535,1.7832405385904917,0.9525123124196232,6.0,200.0,999999.9999999999,99999.99999999999,1023750.0,1.0237500000000002,10.2375,0.0,0.0,selective,4.0,4.0,4.0,0.5
509.4542541503906,497.177978515625,4.043287754058838,1.6123371082699123e-08,4.988859415054321,0.740302324295044,-5.191166877746582,-120.0,0.817460298538208,0.7847222089767456,0.0794326588511467,0.0,1.0852774081286043,5.9315646300662616e-15,1.0469343109930913e-15,5.921564559090977e-15,0.0,0.06898537278175354,497.177978515625,du_pf_soft,5.0,1.0,8.0,0.0,pf,budget_dual,1.0,106.85543444016608,2.4081299118471358,1.5715271487034381,0.9351719163252314,6.0,200.0,999999.9999999999,99999.99999999999,1023750.0,1.0237500000000002,10.2375,0.0,0.0,flat,,,,
511.50909423828125,500.34832763671875,4.059596061706543,0.17729517817497253,4.4882659912109375,0.7842108011245728,-10.724787712097168,-120.0,0.8809523582458496,0.7351190447807312,0.0794326514005661,0.0,1.0846406779019162,7.37826344617519e-15,1.2088469882013558e-15,7.368263375199906e-15,0.0,0.07284624129533768,500.34832763671875,du_pf_soft,5.0,1.0,8.0,0.0,pf,budget_dual,1.0,107.96743704720447,2.417033864046811,1.6447874329362866,0.9441914000831293,6.0,200.0,999999.9999999999,99999.99999999999,1023750.0,1.0237500000000002,10.2375,0.0,0.0,selective,,,,
510.64501953125,499.46966552734375,4.052738189697266,2.6872286618129237e-08,4.804453134536743,0.7301546931266785,-4.5217766761779785,-120.0,0.8095238208770752,0.7728174328804016,0.07943267375230789,0.0,1.0854744489770383,1.9629812793281855e-15,3.8813265163744704e-16,1.9529812083529012e-15,0.0,0.07598208636045456,499.46966552734375,du_pf_cognitive,5.0,1.0,8.0,0.0,pf,budget_dual,1.0,106.9360587004572,2.4101859191040074,1.5008508466526096,0.9342761301817714,6.0,200.0,999999.9999999999,99999.99999999999,1023750.0,1.0237500000000002,10.2375,0.0,0.0,flat,4.0,4.0,4.0,0.5
511.9405517578125,500.4306640625,4.0630202293396,0.3615249991416931,4.38495135307312,0.7908228635787964,-10.32058048248291,-120.0,0.8888888955116272,0.75,0.07880420982837677,0.0,1.0819720979779959,1.095831405455714e-15,2.9743032547242722e-16,1.085831440359548e-15,0.0,0.07245736569166183,500.4306640625,du_pf_cognitive,5.0,1.0,8.0,0.0,pf,budget_dual,1.0,108.00745376321304,2.4169349072671884,1.666452255282213,0.9440637627218545,6.0,200.0,999999.9999999999,99999.99999999999,1023750.0,1.0237500000000002,10.2375,0.0,0.0,selective,4.0,4.0,4.0,0.5
524.5878295898438,505.79022216796875,4.163395404815674,0.0,4.801305055618286,0.6561377048492432,-18.46979522705078,-120.0,0.7460317611694336,0.711309552192688,0.0794326663017273,0.0,2.5717831801157445,3.760107578353348e-15,9.403505670533066e-16,3.750107507378064e-15,0.0,0.03295731544494629,505.7902526855469,pf_fs_soft,5.0,2.0,20.0,0.0,pf,budget_dual,0.0,114.38308249367347,2.55527809143401,1.6474509421995784,0.9356473198242685,6.0,200.0,999999.9999999999,99999.99999999999,1023750.0,1.0237500000000002,10.2375,0.0,0.0,flat,,,,
525.803955078125,511.5780944824219,4.173047065734863,0.15184321254491806,4.285830736160278,0.7325031161308289,-21.1441650390625,-120.0,0.8650793433189392,0.6954365372657776,0.07364904135465622,0.0,2.590371635975316,4.298755734786618e-15,9.989887521675905e-16,4.288755663811334e-15,0.0,0.034632787108421326,511.5780944824219,pf_fs_soft,5.0,2.0,20.0,0.0,pf,budget_dual,0.0,115.7241753351251,2.563854532678631,1.8314183155505654,0.9498904055691024,6.0,200.0,999999.9999999999,99999.99999999999,1023750.0,1.0237500000000002,10.2375,0.0,0.0,selective,,,,
520.822509765625,504.0584411621094,4.133512020111084,0.0,4.888816595077515,0.6563409566879272,-18.015562057495117,-120.0,0.7301587462425232,0.7123016119003296,0.0794326588511467,0.0,2.579357458045706,1.4351639214332194e-15,3.337007262601096e-16,1.4251639563370535e-15,0.0,0.03273786976933479,504.0584411621094,pf_fs_cognitive,5.0,2.0,20.0,0.0,pf,budget_dual,0.0,114.22904535456263,2.5511633375382217,1.6661693629573513,0.9365676965556002,6.0,200.0,999999.9999999999,99999.99999999999,1023750.0,1.0237500000000002,10.2375,0.0,0.0,flat,4.0,4.0,4.0,0.5
522.093994140625,510.47052001953125,4.143603324890137,1.096376639253549e-06,4.4939775466918945,0.7306349873542786,-22.820274353027344,-120.0,0.8571428656578064,0.6835317611694336,0.0794326514005661,0.0,2.5782080298522487,1.6162824354457647e-15,4.2225111228307065e-16,1.6062824703495988e-15,0.0,0.030586084350943565,510.47052001953125,pf_fs_cognitive,5.0,2.0,20.0,0.0,pf,budget_dual,0.0,115.61536606864081,2.5600238649565124,1.8776053362750114,0.949940626467671,6.0,200.0,999999.9999999999,99999.99999999999,1023750.0,1.0237500000000002,10.2375,0.0,0.0,selective,4.0,4.0,4.0,0.5
486.0824279785156,465.945556640625,3.857797145843506,1.8273149748893047e-07,4.7603840827941895,0.6666349172592163,-7.081354141235352,-120.0,0.7460317611694336,0.7291666865348816,0.0794326514005661,0.0,1.0823151648510247,5.4607053674347004e-15,1.0588576761542349e-15,5.450705296459416e-15,0.0,0.07843956351280212,465.945556640625,du_pf_soft,5.0,2.0,8.0,0.0,pf,budget_dual,1.0,107.54930228344767,2.426275827585837,1.6124280115771725,0.9297664202624736,6.0,200.0,999999.9999999999,99999.99999999999,1023750.0,1.0237500000000002,10.2375,0.0,0.0,flat,,,,
485.08721923828125,468.8893127441406,3.84989857673645,0.26820364594459534,4.208165884017944,0.7445096969604492,-14.129267692565918,-120.0,0.8650793433189392,0.7182539701461792,0.07943267375230789,0.0,1.0822754891123623,7.074195982286315e-15,1.3430648644079568e-15,7.064195911311031e-15,0.0,0.07677792757749557,468.8892822265625,du_pf_soft,5.0,2.0,8.0,0.0,pf,budget_dual,1.0,108.51250473737659,2.4265066773867225,1.7224485299045313,0.9445236393573359,6.0,200.0,999999.9999999999,99999.99999999999,1023750.0,1.0237500000000002,10.2375,0.0,0.0,selective,,,,
489.02606201171875,467.8331604003906,3.8811593055725098,2.6872286618129237e-08,4.486812114715576,0.6741662621498108,-7.096132755279541,-120.0,0.7460317611694336,0.7341269850730896,0.0794326663017273,0.0,1.083379419054836,1.6393408957315132e-15,3.908993788805348e-16,1.6293409306353474e-15,0.0,0.0795571357011795,467.8331298828125,du_pf_cognitive,5.0,2.0,8.0,0.0,pf,budget_dual,1.0,107.64240525552587,2.4269368110074026,1.6550495632997897,0.9316060514546909,6.0,200.0,999999.9999999999,99999.99999999999,1023750.0,1.0237500000000002,10.2375,0.0,0.0,flat,4.0,4.0,4.0,0.5
486.8833312988281,471.7160339355469,3.8641533851623535,0.24719829112291336,4.022231817245483,0.7515136003494263,-14.445110321044922,-120.0,0.8730158805847168,0.7172619104385376,0.0794326514005661,0.0,1.0827500430168584,1.4521633432890211e-15,3.850701775468695e-16,1.4421633781928553e-15,0.0,0.07503575086593628,471.716064453125,du_pf_cognitive,5.0,2.0,8.0,0.0,pf,budget_dual,1.0,108.7995573807547,2.4297712179262523,1.7635264791449607,0.9466857834885205,6.0,200.0,999999.9999999999,99999.99999999999,1023750.0,1.0237500000000002,10.2375,0.0,0.0,selective,4.0,4.0,4.0,0.5
550.3826904296875,555.0269165039062,4.36811637878418,0.0,4.746689081192017,0.6725972294807434,-11.135051727294922,-120.0,0.7936508059501648,0.75,0.0794326588511467,0.0,2.581847963971086,5.074331288544651e-15,1.03275593236812e-15,5.064331217569367e-15,0.0,0.03481379151344299,555.0269165039062,pf_fs_soft,5.0,3.0,20.0,0.0,pf,budget_dual,0.0,114.59770881231906,2.560059786044664,1.7324050968471312,0.9360582827327105,6.0,200.0,999999.9999999999,99999.99999999999,1023750.0,1.0237500000000002,10.2375,0.0,0.0,flat,,,,
546.642578125,548.0244140625,4.338433265686035,0.42791514098644257,4.292018413543701,0.7413160800933838,-17.207664489746094,-120.0,0.8809523582458496,0.7232142686843872,0.07896038144826889,0.0,2.5725384999532253,5.172754399433233e-15,1.1553820568124275e-15,5.162754328457949e-15,0.0,0.03013863041996956,548.0244140625,pf_fs_soft,5.0,3.0,20.0,0.0,pf,budget_dual,0.0,114.71588736415227,2.5436073141136655,1.8636174006424349,0.9499210042243121,6.0,200.0,999999.9999999999,99999.99999999999,1023750.0,1.0237500000000002,10.2375,0.0,0.0,selective,,,,
547.6424560546875,553.23046875,4.346368789672852,0.0,4.7766478061676025,0.6740602850914001,-11.58820915222168,-120.0,0.7698412537574768,0.7569444179534912,0.0794326588511467,0.0,2.5723018929129466,2.2163265045113418e-15,4.3014757693384887e-16,2.2063264335360575e-15,0.0,0.03379449620842934,553.23046875,pf_fs_cognitive,5.0,3.0,20.0,0.0,pf,budget_dual,0.0,114.49682357660747,2.558505173503086,1.7443663048994709,0.9355156837339346,6.0,200.0,999999.9999999999,99999.99999999999,1023750.0,1.0237500000000002,10.2375,0.0,0.0,flat,4.0,4.0,4.0,0.5
550.3690795898438,546.587158203125,4.368008613586426,0.07830884855070508,4.459600210189819,0.7570136785507202,-16.61481475830078,-120.0,0.8730158805847168,0.7291666865348816,0.0794326588511467,0.0,2.576047831797041,1.82043537518418e-15,3.9824701912105143e-16,1.810435304208896e-15,0.0,0.0309187900274992,546.5870971679688,pf_fs_cognitive,5.0,3.0,20.0,0.0,pf,budget_dual,0.0,115.7454305534695,2.5681284290817246,1.7561507101345417,0.9463013980150307,6.0,200.0,999999.9999999999,99999.99999999999,1023750.0,1.0237500000000002,10.2375,0.0,0.0,selective,4.0,4.0,4.0,0.5
514.6688232421875,506.30218505859375,4.0846734046936035,2.042292379655919e-07,4.39197850227356,0.715474545955658,-2.0217080116271973,-120.0,0.817460298538208,0.7876983880996704,0.0794326663017273,0.0,1.0813855192391202,6.164775246818473e-15,1.1746267512531636e-15,6.1547751758431885e-15,0.0,0.07772587239742279,506.30218505859375,du_pf_soft,5.0,3.0,8.0,0.0,pf,budget_dual,1.0,108.06295325976832,2.4379467669052537,1.6089827206699638,0.9293113388758927,6.0,200.0,999999.9999999999,99999.99999999999,1023750.0,1.0237500000000002,10.2375,0.0,0.0,flat,,,,
508.61328125,502.9815673828125,4.036613464355469,0.31381676346063614,4.048802614212036,0.7699032425880432,-8.901901245117188,-120.0,0.89682537317276,0.7509920597076416,0.07758725434541702,0.0,1.0814582878956571,9.06602402742443e-15,1.4461901728241022e-15,9.056023956449145e-15,0.0,0.07476300001144409,502.9815673828125,du_pf_soft,5.0,3.0,8.0,0.0,pf,budget_dual,1.0,108.90797432255172,2.435225715795445,1.6808718996032548,0.943830138938334,6.0,200.0,999999.9999999999,99999.99999999999,1023750.0,1.0237500000000002,10.2375,0.0,0.0,selective,,,,
515.3717041015625,506.3328552246094,4.090251445770264,1.7198257751260826e-07,4.586361885070801,0.7157629132270813,-1.585708737373352,-120.0,0.8095238208770752,0.7857142686843872,0.07943267375230789,0.0,1.079332351218909,2.118431942181847e-15,4.458286449468085e-16,2.1084318712065626e-15,0.0,0.08024733513593674,506.3328552246094,du_pf_cognitive,5.0,3.0,8.0,0.0,pf,budget_dual,1.0,108.09346867242493,2.439131441525119,1.5762379315155426,0.9283923711759482,6.0,200.0,999999.9999999999,99999.99999999999,1023750.0,1.0237500000000002,10.2375,0.0,0.0,flat,4.0,4.0,4.0,0.5
509.63958740234375,504.14398193359375,4.0447587966918945,0.49672093242406845,4.033398866653442,0.768638014793396,-8.045188903808594,-120.0,0.9047619104385376,0.75,0.0794326663017273,0.0,1.079161681002006,2.019086835930179e-15,4.3828809295255473e-16,2.0090867649548948e-15,0.0,0.08174574375152588,504.14398193359375,du_pf_cognitive,5.0,3.0,8.0,0.0,pf,budget_dual,1.0,109.17103948110179,2.4390920568197845,1.6954539069550483,0.9443972705743496,6.0,200.0,999999.9999999999,99999.99999999999,1023750.0,1.0237500000000002,10.2375,0.0,0.0,selective,4.0,4.0,4.0,0.5
542.1134033203125,544.82421875,4.302487373352051,0.0,4.523401737213135,0.6992722749710083,-11.527546882629395,-120.0,0.8015872836112976,0.7757936716079712,0.0794326588511467,0.0,2.5759920281125233,7.781316450829624e-15,1.299169287740634e-15,7.77131637985434e-15,0.0,0.0337282158434391,544.82421875,pf_fs_soft,5.0,0.0,20.0,0.0,pf,budget_dual,0.0,115.40703576340424,2.571996576783192,1.7546673559531671,0.9391039047706673,6.0,400.0,499999.99999999994,49999.99999999999,1023750.0,2.0475000000000003,20.475,0.0,0.0,flat,,,,
545.0482177734375,540.4224243164062,4.325779438018799,1.7198242829863375e-07,4.547145843505859,0.7570188045501709,-18.46592140197754,-120.0,0.8650793433189392,0.7152777910232544,0.0794326588511467,0.0,2.5667072178330272,5.618931545498277e-15,1.0480928403066984e-15,5.608931474522993e-15,0.0,0.029909295961260796,540.4224853515625,pf_fs_soft,5.0,0.0,20.0,0.0,pf,budget_dual,0.0,116.42295525870165,2.5783066596081294,1.8549438906255815,0.951071373971211,6.0,400.0,499999.99999999994,49999.99999999999,1023750.0,2.0475000000000003,20.475,0.0,0.0,selective,,,,
545.4757080078125,550.91015625,4.329172134399414,0.0,4.644634485244751,0.7020392417907715,-11.574919700622559,-120.0,0.7857142686843872,0.7748016119003296,0.0794326663017273,0.0,2.5655312220333144,2.291117819688002e-15,4.650831861455565e-16,2.2811177487127177e-15,0.0,0.03282751142978668,550.91015625,pf_fs_cognitive,5.0,0.0,20.0,0.0,pf,budget_dual,0.0,115.40369389206411,2.5715056428910246,1.7921932489258645,0.9390831537719757,6.0,400.0,499999.99999999994,49999.99999999999,1023750.0,2.0475000000000003,20.475,0.0,0.0,flat,4.0,4.0,4.0,0.5
548.2980346679688,546.0980224609375,4.351571559906006,0.025479935479324922,4.635476589202881,0.7611181139945984,-17.74837875366211,-120.0,0.8571428656578064,0.716269850730896,0.0794326588511467,0.0,2.5629143031546846,1.5530496259882182e-15,3.51156460646465e-16,1.5430496608920524e-15,0.0,0.029559895396232605,546.09814453125,pf_fs_cognitive,5.0,0.0,20.0,0.0,pf,budget_dual,0.0,116.5866542725384,2.5798852036614095,1.8714723830461948,0.95257057036398,6.0,400.0,499999.99999999994,49999.99999999999,1023750.0,2.0475000000000003,20.475,0.0,0.0,selective,4.0,4.0,4.0,0.5
510.3297119140625,508.1547546386719,4.050235748291016,5.3744573236258475e-09,4.306569337844849,0.7161040902137756,-5.428257465362549,-120.0,0.8015872836112976,0.7857142686843872,0.07943267375230789,0.0,1.0775415650568902,5.563289951193142e-15,1.1519077394210272e-15,5.553289880217858e-15,0.0,0.073334701359272,508.15478515625,du_pf_soft,5.0,0.0,8.0,0.0,pf,budget_dual,1.0,108.88180014651375,2.450570117845337,1.606952418186002,0.9313370622805377,6.0,400.0,499999.99999999994,49999.99999999999,1023750.0,2.0475000000000003,20.475,0.0,0.0,flat,,,,
509.7261962890625,504.13671875,4.045445919036865,0.07899753376841545,4.269172430038452,0.7666463255882263,-10.361888885498047,-120.0,0.8730158805847168,0.745039701461792,0.0794326588511467,0.0,1.0804462991654873,6.479766047595139e-15,1.2397459030842454e-15,6.469765976619855e-15,0.0,0.07990234345197678,504.13671875,du_pf_soft,5.0,0.0,8.0,0.0,pf,budget_dual,1.0,109.45964479483746,2.442119798504007,1.7503760040269194,0.9484981910429139,6.0,400.0,499999.99999999994,49999.99999999999,1023750.0,2.0475000000000003,20.475,0.0,0.0,selective,,,,
511.7979736328125,502.26580810546875,4.061888694763184,0.0,4.476824045181274,0.7151151299476624,-5.64271354675293,-120.0,0.7936508059501648,0.7876983880996704,0.07943267375230789,0.0,1.0777424048865214,2.2692573816270262e-15,5.05406348418275e-16,2.259257310651742e-15,0.0,0.0758589506149292,502.26580810546875,du_pf_cognitive,5.0,0.0,8.0,0.0,pf,budget_dual,1.0,108.83624702291873,2.4518533817627564,1.5942846419329544,0.9305761892525258,6.0,400.0,499999.99999999994,49999.99999999999,1023750.0,2.0475000000000003,20.475,0.0,0.0,flat,4.0,4.0,4.0,0.5
509.19091796875,501.9761047363281,4.041197776794434,0.13515052944421768,4.334076404571533,0.7644297480583191,-10.469342231750488,-120.0,0.8650793433189392,0.7490079402923584,0.0794326588511467,0.0,1.0750407557934523,1.846939459620241e-15,3.959147668403459e-16,1.8369393886449566e-15,0.0,0.07713105529546738,501.97607421875,du_pf_cognitive,5.0,0.0,8.0,0.0,pf,budget_dual,1.0,109.53827477590067,2.4464047434300986,1.6630217287853284,0.9463054871725541,6.0,400.0,499999.99999999994,49999.99999999999,1023750.0,2.0475000000000003,20.475,0.0,0.0,selective,4.0,4.0,4.0,0.5
561.9054565429688,554.631103515625,4.459567070007324,0.0,4.866895914077759,0.7257078886032104,-8.604219436645508,-120.0,0.8015872836112976,0.7827380895614624,0.0794326588511467,0.0,2.568227044888772,3.308299569013194e-15,8.274098937839376e-16,3.2982994980379097e-15,0.0,0.03194925934076309,554.631103515625,pf_fs_soft,5.0,1.0,20.0,0.0,pf,budget_dual,0.0,115.45362583775015,2.573676684060918,1.7903964048600196,0.9407968265441804,6.0,400.0,499999.99999999994,49999.99999999999,1023750.0,2.0475000000000003,20.475,0.0,0.0,flat,,,,
565.9912719726562,556.1969604492188,4.491994380950928,0.3091714233160019,4.708187580108643,0.7901593446731567,-14.954243659973145,-120.0,0.8888888955116272,0.7420634627342224,0.07779568433761597,0.0,2.5639440909726545,4.196550198272073e-15,8.420747869579881e-16,4.186550127296788e-15,0.0,0.03137705847620964,556.1969604492188,pf_fs_soft,5.0,1.0,20.0,0.0,pf,budget_dual,0.0,116.36457026005444,2.5754972531269202,1.9326988788357973,0.9530176431223013,6.0,400.0,499999.99999999994,49999.99999999999,1023750.0,2.0475000000000003,20.475,0.0,0.0,selective,,,,
562.7183227539062,557.5670166015625,4.466018199920654,0.0,4.905055046081543,0.7185327410697937,-9.125166893005371,-120.0,0.8015872836112976,0.7777777910232544,0.07943267375230789,0.0,2.5680430601350963,9.647154697810766e-16,2.816592337390422e-16,9.547155046849107e-16,0.0,0.030629919841885567,557.5669555664062,pf_fs_cognitive,5.0,1.0,20.0,0.0,pf,budget_dual,0.0,115.5631924991421,2.5749855233322316,1.8204137385896444,0.9413844718441813,6.0,400.0,499999.99999999994,49999.99999999999,1023750.0,2.0475000000000003,20.475,0.0,0.0,flat,4.0,4.0,4.0,0.5
566.8330688476562,560.9154052734375,4.498675346374512,0.21192814782261848,4.628679513931274,0.7776411771774292,-15.026638984680176,-120.0,0.8809523582458496,0.7321428656578064,0.07931142300367355,0.0,2.5673402930842713,1.3685825789769399e-15,3.2876141244687375e-16,1.358582613880774e-15,0.0,0.031226499006152153,560.9154663085938,pf_fs_cognitive,5.0,1.0,20.0,0.0,pf,budget_dual,0.0,114.56690397770898,2.5377050543987907,1.8469046554804731,0.9531517322312122,6.0,400.0,499999.99999999994,49999.99999999999,1023750.0,2.0475000000000003,20.475,0.0,0.0,selective,4.0,4.0,4.0,0.5
526.0313720703125,511.4725646972656,4.17485237121582,7.524228919919551e-07,4.600784778594971,0.7533581256866455,-2.5756945610046387,-120.0,0.8333333134651184,0.8134920597076416,0.0794326588511467,0.0,1.077742506051436,4.67238196782049e-15,9.980053469158283e-16,4.662381896845206e-15,0.0,0.06992187350988388,511.4725646972656,du_pf_soft,5.0,1.0,8.0,0.0,pf,budget_dual,1.0,108.51970475550654,2.4436335736460344,1.6869923663936444,0.9340431178995802,6.0,400.0,499999.99999999994,49999.99999999999,1023750.0,2.0475000000000003,20.475,0.0,0.0,flat,,,,
528.3282470703125,515.5594482421875,4.193081378936768,0.6037270128726959,4.34486198425293,0.8074251413345337,-7.716842174530029,-120.0,0.8809523582458496,0.7678571343421936,0.07702665030956268,0.0,1.0804420149652287,6.136375079129983e-15,1.0924103452608722e-15,6.126375008154699e-15,0.0,0.0782623142004013,515.5594482421875,du_pf_soft,5.0,1.0,8.0,0.0,pf,budget_dual,1.0,109.66840253312508,2.4475440159770336,1.7954713154251274,0.9481132519886722,6.0,400.0,499999.99999999994,49999.99999999999,1023750.0,2.0475000000000003,20.475,0.0,0.0,selective,,,,
527.8637084960938,514.2496337890625,4.189394474029541,1.080256794239176e-06,4.606831789016724,0.751723051071167,-2.6198389530181885,-120.0,0.841269850730896,0.807539701461792,0.0794326663017273,0.0,1.0775866518961266,1.5202080410408009e-15,3.510921920215921e-16,1.510208075944635e-15,0.0,0.07169651240110397,514.2496337890625,du_pf_cognitive,5.0,1.0,8.0,0.0,pf,budget_dual,1.0,108.68590660531574,2.4471454274665088,1.7080268063355075,0.9340569193665742,6.0,400.0,499999.99999999994,49999.99999999999,1023750.0,2.0475000000000003,20.475,0.0,0.0,flat,4.0,4.0,4.0,0.5
526.680419921875,513.711669921875,4.1800031661987305,0.7856334745883942,4.4611828327178955,0.8040030002593994,-7.596997261047363,-120.0,0.89682537317276,0.761904776096344,0.07754463702440262,0.0,1.0775210880674422,1.5845194410775572e-15,3.5504717414077964e-16,1.5745194759813914e-15,0.0,0.07943449914455414,513.711669921875,du_pf_cognitive,5.0,1.0,8.0,0.0,pf,budget_dual,1.0,109.86336931462994,2.4511733228453343,1.799425400561681,0.948033581036015,6.0,400.0,499999.99999999994,49999.99999999999,1023750.0,2.0475000000000003,20.475,0.0,0.0,selective,4.0,4.0,4.0,0.5
511.2228088378906,522.1757202148438,4.057323932647705,0.0,4.277487516403198,0.6509441137313843,-13.437163352966309,-120.0,0.7301587462425232,0.7460317611694336,0.07943267375230789,0.0,2.5797510518459603,6.086830851495658e-15,1.1474386877121951e-15,6.076830780520374e-15,0.0,0.03487834334373474,522.1757202148438,pf_fs_soft,5.0,2.0,20.0,0.0,pf,budget_dual,0.0,114.36786944340479,2.54259755062242,1.7354285322563154,0.9445647821848814,6.0,400.0,499999.99999999994,49999.99999999999,1023750.0,2.0475000000000003,20.475,0.0,0.0,flat,,,,
514.61669921875,511.98358154296875,4.084259510040283,0.2759808227419853,4.161348581314087,0.7441309094429016,-21.720626831054688,-120.0,0.89682537317276,0.6845238208770752,0.0794326663017273,0.0,2.568529753945768,4.4829549076283275e-15,1.023414958904918e-15,4.472954836653043e-15,0.0,0.030324416235089302,511.98358154296875,pf_fs_soft,5.0,2.0,20.0,0.0,pf,budget_dual,0.0,114.82073440423952,2.535838843441561,1.843244153689742,0.9582769148668638,6.0,400.0,499999.99999999994,49999.99999999999,1023750.0,2.0475000000000003,20.475,0.0,0.0,selective,,,,
508.9305725097656,519.8704833984375,4.0391316413879395,0.0,4.293697357177734,0.6507477760314941,-14.305577278137207,-120.0,0.761904776096344,0.7390872836112976,0.07943267375230789,0.0,2.5730347549542785,1.6099081948803208e-15,3.7930979764016863e-16,1.599908229784155e-15,0.0,0.03431519493460655,519.8704833984375,pf_fs_cognitive,5.0,2.0,20.0,0.0,pf,budget_dual,0.0,114.18185156038949,2.540516272158974,1.8011022794237137,0.9441814416159912,6.0,400.0,499999.99999999994,49999.99999999999,1023750.0,2.0475000000000003,20.475,0.0,0.0,flat,4.0,4.0,4.0,0.5
514.658935546875,513.2122802734375,4.0845947265625,0.247609481215477,3.99088978767395,0.7389447689056396,-22.04399299621582,-120.0,0.8730158805847168,0.682539701461792,0.07930898666381836,0.0,2.5702335358364508,1.3185440017387737e-15,3.8681305371496364e-16,1.3085440366426078e-15,0.0,0.03392448648810387,513.2122192382812,pf_fs_cognitive,5.0,2.0,20.0,0.0,pf,budget_dual,0.0,114.26795803651746,2.5263197647996867,1.8387548685916664,0.9573081943935065,6.0,400.0,499999.99999999994,49999.99999999999,1023750.0,2.0475000000000003,20.475,0.0,0.0,selective,4.0,4.0,4.0,0.5
477.79620361328125,475.68212890625,3.7920334339141846,1.0748914647251695e-08,4.2173168659210205,0.688683032989502,-5.58894157409668,-120.0,0.7936508059501648,0.7579365372657776,0.07943267375230789,0.0,1.0832337361061946,5.67410346003416e-15,1.11933064051139e-15,5.6641033890588756e-15,0.0,0.08700171858072281,475.68212890625,du_pf_soft,5.0,2.0,8.0,0.0,pf,budget_dual,1.0,107.51375283776316,2.418508765168651,1.567000422539309,0.935919217518607,6.0,400.0,499999.99999999994,49999.99999999999,1023750.0,2.0475000000000003,20.475,0.0,0.0,flat,,,,
478.001220703125,472.76031494140625,3.7936604022979736,0.3508531227707863,3.8119653463363647,0.7421579957008362,-14.245393753051758,-120.0,0.8571428656578064,0.6934523582458496,0.0778002142906189,0.0,1.0836850139312446,4.73080310074204e-15,1.0427605561454958e-15,4.720803029766756e-15,0.0,0.08267388492822647,472.7603454589844,du_pf_soft,5.0,2.0,8.0,0.0,pf,budget_dual,1.0,108.41767810641583,2.4181907221673042,1.6896193272926023,0.9510369340379891,6.0,400.0,499999.99999999994,49999.99999999999,1023750.0,2.0475000000000003,20.475,0.0,0.0,selective,,,,
476.14483642578125,471.5279541015625,3.7789273262023926,0.0,4.066366195678711,0.705662190914154,-6.028637886047363,-120.0,0.8015872836112976,0.7847222089767456,0.0794326663017273,0.0,1.079897035844624,1.317401989567638e-15,3.8324746852349666e-16,1.3074020244714722e-15,0.0,0.08249609172344208,471.5279541015625,du_pf_cognitive,5.0,2.0,8.0,0.0,pf,budget_dual,1.0,107.65901330760904,2.420432691813527,1.5726001556915126,0.9365221424440445,6.0,400.0,499999.99999999994,49999.99999999999,1023750.0,2.0475000000000003,20.475,0.0,0.0,flat,4.0,4.0,4.0,0.5
480.3533935546875,473.32269287109375,3.812328577041626,0.31472061574459076,3.7645691633224487,0.7556654214859009,-14.034160614013672,-120.0,0.8809523582458496,0.7023809552192688,0.078059621155262,0.0,1.079676563036628,2.033926006133127e-15,4.546505989715805e-16,2.023925935157843e-15,0.0,0.08178462833166122,473.32269287109375,du_pf_cognitive,5.0,2.0,8.0,0.0,pf,budget_dual,1.0,108.53673895607663,2.419871470616058,1.7056251156162208,0.9518934593336505,6.0,400.0,499999.99999999994,49999.99999999999,1023750.0,2.0475000000000003,20.475,0.0,0.0,selective,4.0,4.0,4.0,0.5
543.9805908203125,545.900146484375,4.317306041717529,0.0,4.930578708648682,0.6584130525588989,-15.126250267028809,-120.0,0.7539682388305664,0.7311508059501648,0.0794326588511467,0.0,2.567670490941964,4.50981771051755e-15,9.734080395231554e-16,4.499817639542266e-15,0.0,0.030385056510567665,545.900146484375,pf_fs_soft,5.0,3.0,20.0,0.0,pf,budget_dual,0.0,115.00593869767019,2.567450520791341,1.7722365557658373,0.9358256709186352,6.0,400.0,499999.99999999994,49999.99999999999,1023750.0,2.0475000000000003,20.475,0.0,0.0,flat,,,,
538.4458618164062,532.6185913085938,4.273379802703857,0.34960150718688965,4.481871843338013,0.7568514347076416,-19.79783058166504,-120.0,0.841269850730896,0.7073412537574768,0.07081130146980286,0.0,2.5710898397956043,3.661540895380207e-15,8.744917966405942e-16,3.651540824404923e-15,0.0,0.030369101092219353,532.61865234375,pf_fs_soft,5.0,3.0,20.0,0.0,pf,budget_dual,0.0,116.25202221189701,2.5755682710936005,1.8354906646715698,0.9490208332210764,6.0,400.0,499999.99999999994,49999.99999999999,1023750.0,2.0475000000000003,20.475,0.0,0.0,selective,,,,
543.608642578125,542.363037109375,4.314354419708252,0.0,4.770312070846558,0.6692248582839966,-15.395432472229004,-120.0,0.761904776096344,0.7371031641960144,0.0794326663017273,0.0,2.573669932084158,1.4290622137185546e-15,3.2938382284442805e-16,1.4190622486223887e-15,0.0,0.02968318574130535,542.363037109375,pf_fs_cognitive,5.0,3.0,20.0,0.0,pf,budget_dual,0.0,115.17976231539684,2.570483051627326,1.780107111037314,0.9351968954278878,6.0,400.0,499999.99999999994,49999.99999999999,1023750.0,2.0475000000000003,20.475,0.0,0.0,flat,4.0,4.0,4.0,0.5
541.2947998046875,539.3729248046875,4.295990467071533,0.46028389036655426,4.603359222412109,0.7612985968589783,-19.582275390625,-120.0,0.8888888955116272,0.7023809552192688,0.07498035579919815,0.0,2.5751470781397074,1.2907362277177702e-15,3.134233663077725e-16,1.2807362626216044e-15,0.0,0.030438045039772987,539.3729248046875,pf_fs_cognitive,5.0,3.0,20.0,0.0,pf,budget_dual,0.0,116.62968444403172,2.581228137431499,1.824627994320929,0.9508219660736277,6.0,400.0,499999.99999999994,49999.99999999999,1023750.0,2.0475000000000003,20.475,0.0,0.0,selective,4.0,4.0,4.0,0.5
509.57464599609375,500.6534729003906,4.044243335723877,1.6123372859055962e-08,4.361318111419678,0.6991804242134094,-5.149540901184082,-120.0,0.7857142686843872,0.761904776096344,0.07583800703287125,0.0,1.0775541708571836,4.71660471096369e-15,1.032033413264112e-15,4.706604639988406e-15,0.0,0.07542610168457031,500.65350341796875,du_pf_soft,5.0,3.0,8.0,0.0,pf,budget_dual,1.0,108.32501925486041,2.440468968531544,1.6591706583985817,0.9306897289336965,6.0,400.0,499999.99999999994,49999.99999999999,1023750.0,2.0475000000000003,20.475,0.0,0.0,flat,,,,
503.0738220214844,493.4880676269531,3.9926493167877197,0.2518635466694832,4.275517702102661,0.7578364610671997,-12.029460906982422,-120.0,0.8730158805847168,0.721230149269104,0.0794326588511467,0.0,1.0733821488684043,4.306488298562103e-15,1.0095208657128689e-15,4.2964882275868185e-15,0.0,0.07825794070959091,493.488037109375,du_pf_soft,5.0,3.0,8.0,0.0,pf,budget_dual,1.0,109.32629146986584,2.4443056941310766,1.6935331279483734,0.9436801928393337,6.0,400.0,499999.99999999994,49999.99999999999,1023750.0,2.0475000000000003,20.475,0.0,0.0,selective,,,,
509.4261169433594,502.03729248046875,4.043064594268799,0.0,4.452106475830078,0.6909376978874207,-6.289691925048828,-120.0,0.7698412537574768,0.7638888955116272,0.0773380771279335,0.0,1.0752555808285251,1.2802843705442442e-15,3.4972934247923953e-16,1.2702844054480783e-15,0.0,0.07945715636014938,502.03729248046875,du_pf_cognitive,5.0,3.0,8.0,0.0,pf,budget_dual,1.0,108.60983780407379,2.446782759626972,1.6571068806949567,0.9297249842138436,6.0,400.0,499999.99999999994,49999.99999999999,1023750.0,2.0475000000000003,20.475,0.0,0.0,flat,4.0,4.0,4.0,0.5
504.4221496582031,493.4753723144531,4.003350257873535,0.27868884429335594,4.190959930419922,0.7599156498908997,-12.239537239074707,-120.0,0.89682537317276,0.7222222089767456,0.07609909772872925,0.0,1.0746136219240725,1.3891252455302248e-15,3.5078903363581387e-16,1.379125280434059e-15,0.0,0.08031255006790161,493.475341796875,du_pf_cognitive,5.0,3.0,8.0,0.0,pf,budget_dual,1.0,109.54481430215417,2.4480932829083075,1.7205247091537712,0.9440562313097648,6.0,400.0,499999.99999999994,49999.99999999999,1023750.0,2.0475000000000003,20.475,0.0,0.0,selective,4.0,4.0,4.0,0.5
