sum_rate_bps_per_hz,weighted_sum_rate_bps_per_hz,avg_user_rate_bps_per_hz,p05_user_rate_bps_per_hz,p50_user_rate_bps_per_hz,jain_fairness,avg_sinr_db,p05_sinr_db,coverage_rate,coverage_sinr,max_bs_power_watt,max_bs_power_violation_watt,runtime_sec,max_fs_interference_watt,mean_fs_interference_watt,max_fs_violation_watt,protection_satisfaction,final_w_delta,final_history_weighted_sum_rate,algorithm,sweep_value,batch_index,num_iterations_or_layers,converged,weight_profile,fs_mode,used_unfolding,pf_utility,pf_avg_rate_bps_per_hz,pf_p05_rate_bps_per_hz,pf_jain_fairness,pf_slots,mean_active_tones_per_bs,min_active_tones_per_bs,max_active_tones_per_bs,active_fraction,num_bs_ant,num_ut_per_sector
340.5047607421875,328.3255615234375,4.053627967834473,0.0,4.329479694366455,0.7025701403617859,-11.27564525604248,-120.0,0.8095238208770752,0.788690447807312,0.0794326588511467,0.0,5.926426205318421,7.820827149687248e-15,2.3488361270215677e-15,7.810827078711963e-15,0.0,0.026234284043312073,328.3255615234375,pf_fs_soft,5.0,0.0,20.0,0.0,pf,budget_dual,0.0,72.32625253635358,2.473628082944326,1.595452299385339,0.9084030520271948,6.0,,,,,16,4
339.19561767578125,325.25970458984375,4.038043022155762,0.0,4.200111627578735,0.7030705809593201,-8.8971529006958,-120.0,0.8095238208770752,0.788690447807312,0.07943267375230789,0.0,2.720284165814519,4.22662918526202e-15,1.1150497359959668e-15,4.216629114286736e-15,0.0,0.02971797250211239,325.25970458984375,pf_fs_cognitive,5.0,0.0,20.0,0.0,pf,budget_dual,0.0,72.45779171694723,2.4774542850779944,1.6005920737122894,0.907313271880765,6.0,2.0,2.0,2.0,0.5,16,4
313.8924560546875,297.0799865722656,3.7368149757385254,4.080265625816538e-06,3.8968770503997803,0.72282475233078,-1.7634388208389282,-120.0,0.8214285969734192,0.8035714030265808,0.07943267375230789,0.0,1.3260358986444771,9.806441784640779e-15,2.6049454324698516e-15,9.796441713665494e-15,0.0,0.0671766847372055,297.0799560546875,du_pf_soft,5.0,0.0,8.0,0.0,pf,budget_dual,1.0,67.9722758579994,2.356470203308017,1.4649910290223873,0.9024925889270091,6.0,,,,,16,4
320.7418212890625,301.759521484375,3.818355083465576,2.579739174279894e-07,3.9528422355651855,0.7161229252815247,-2.0400571823120117,-120.0,0.8095238208770752,0.8125,0.07943267375230789,0.0,1.1297073806636035,2.588715434167512e-15,8.628394290830128e-16,2.5787153631922277e-15,0.0,0.06518176943063736,301.759521484375,du_pf_cognitive,5.0,0.0,8.0,0.0,pf,budget_dual,1.0,68.43097678956525,2.3707202191731813,1.4866153186251352,0.9009632799075744,6.0,2.0,2.0,2.0,0.5,16,4
322.9432678222656,338.228515625,3.8445627689361572,0.0,4.020479440689087,0.6218308806419373,-19.882863998413086,-120.0,0.726190447807312,0.711309552192688,0.07943267375230789,0.0,2.700588878709823,6.661315701377837e-15,2.187064692557258e-15,6.651315630402553e-15,0.0,0.03482276201248169,338.228515625,pf_fs_soft,5.0,1.0,20.0,0.0,pf,budget_dual,0.0,69.30644243155595,2.3851104647983004,1.5217223326346572,0.9091272781097348,6.0,,,,,16,4
329.5089111328125,350.773681640625,3.922725200653076,0.0,4.06351900100708,0.614947497844696,-18.385318756103516,-120.0,0.726190447807312,0.711309552192688,0.07943267375230789,0.0,2.7009219429455698,2.227991842260928e-15,8.530088176367386e-16,2.2179917712856437e-15,0.0,0.0338357612490654,350.7737121582031,pf_fs_cognitive,5.0,1.0,20.0,0.0,pf,budget_dual,0.0,69.6586925356118,2.394325445143766,1.4696835566369233,0.9082666259753835,6.0,2.0,2.0,2.0,0.5,16,4
309.2359619140625,306.09356689453125,3.6813805103302,3.317998816783077e-05,3.974959135055542,0.6625703573226929,-6.057682037353516,-120.0,0.726190447807312,0.7232142686843872,0.0794326663017273,0.0,1.1301948241889477,7.88726672000398e-15,2.281339036070188e-15,7.877266649028696e-15,0.0,0.0804351270198822,306.09356689453125,du_pf_soft,5.0,1.0,8.0,0.0,pf,budget_dual,1.0,64.96708686193712,2.2800279438746878,1.4393786556362917,0.8969904704404228,6.0,,,,,16,4
300.51983642578125,307.77325439453125,3.5776171684265137,7.717705670984295e-07,3.980271339416504,0.6562038064002991,-7.998264312744141,-120.0,0.761904776096344,0.726190447807312,0.0794326663017273,0.0,1.1291394932195544,2.7275873329028017e-15,9.385987970392663e-16,2.7175872619275175e-15,0.0,0.08426497131586075,307.77325439453125,du_pf_cognitive,5.0,1.0,8.0,0.0,pf,budget_dual,1.0,65.01248220714291,2.273135011492568,1.4424963413746619,0.9026702968428896,6.0,2.0,2.0,2.0,0.5,16,4
330.5836181640625,320.0422668457031,3.935519218444824,0.0,4.002938389778137,0.6282134056091309,-20.250335693359375,-120.0,0.738095223903656,0.6934523582458496,0.0794326663017273,0.0,2.705307375639677,1.0805695869879096e-14,2.388113891818697e-15,1.0795695798903812e-14,0.0,0.027626827359199524,320.04229736328125,pf_fs_soft,5.0,2.0,20.0,0.0,pf,budget_dual,0.0,70.12867760391701,2.413118113955361,1.4624822755718143,0.9077349458045592,6.0,,,,,16,4
330.31890869140625,322.1929016113281,3.932368040084839,0.0,4.222104549407959,0.6532925367355347,-17.792320251464844,-120.0,0.75,0.7142857313156128,0.07943267375230789,0.0,2.702390125952661,3.771387516111934e-15,8.463561679294442e-16,3.7613874451366495e-15,0.0,0.030265573412179947,322.1929016113281,pf_fs_cognitive,5.0,2.0,20.0,0.0,pf,budget_dual,0.0,70.35020835715487,2.411370539501178,1.495000845873212,0.9108961679806935,6.0,2.0,2.0,2.0,0.5,16,4
309.9324035644531,295.986572265625,3.689671516418457,6.449348788351032e-09,3.7275099754333496,0.6520084142684937,-8.892196655273438,-120.0,0.7857142686843872,0.7351190447807312,0.0794326588511467,0.0,1.13381302729249,9.366767310511805e-15,2.5308105678273135e-15,9.356767239536521e-15,0.0,0.06805787235498428,295.986572265625,du_pf_soft,5.0,2.0,8.0,0.0,pf,budget_dual,1.0,65.67461281266428,2.2925860519936387,1.3937232403498205,0.9016406140137759,6.0,,,,,16,4
310.0766906738281,295.7374267578125,3.6913890838623047,4.299565858900678e-08,3.839063048362732,0.6576063632965088,-8.76424503326416,-120.0,0.7976190447807312,0.738095223903656,0.0794326663017273,0.0,1.133541245944798,3.85233294916687e-15,1.1697617116414902e-15,3.842332878191586e-15,0.0,0.06869341433048248,295.7374267578125,du_pf_cognitive,5.0,2.0,8.0,0.0,pf,budget_dual,1.0,65.78485187229663,2.2980863102464673,1.4440018022436003,0.9007392708609022,6.0,2.0,2.0,2.0,0.5,16,4
312.80120849609375,312.48895263671875,3.7238240242004395,0.0,3.6681653261184692,0.6587923169136047,-16.506973266601562,-120.0,0.7857142686843872,0.7053571343421936,0.07943267375230789,0.0,2.70988191338256,1.0611744806715648e-14,2.411725358739884e-15,1.0601744735740364e-14,0.0,0.031463928520679474,312.48895263671875,pf_fs_soft,5.0,3.0,20.0,0.0,pf,budget_dual,0.0,69.10191377108572,2.3737229773328474,1.4812977636790392,0.9175504153358075,6.0,,,,,16,4
314.27630615234375,317.04974365234375,3.741384506225586,0.0,4.192354202270508,0.6671299338340759,-17.77902603149414,-120.0,0.773809552192688,0.7142857313156128,0.07943267375230789,0.0,2.6814126577228308,3.19089402626017e-15,8.910981422693108e-16,3.1808939552848857e-15,0.0,0.031214825809001923,317.04974365234375,pf_fs_cognitive,5.0,3.0,20.0,0.0,pf,budget_dual,0.0,69.28988843525148,2.3745672766873165,1.4768116363777355,0.9223996269064381,6.0,2.0,2.0,2.0,0.5,16,4
294.7974548339844,287.4322509765625,3.509493589401245,0.0,3.8202086687088013,0.6946709752082825,-8.778973579406738,-120.0,0.773809552192688,0.738095223903656,0.07943267375230789,0.0,1.124153376556933,9.281351661077734e-15,2.646455129082996e-15,9.27135159010245e-15,0.0,0.07051210105419159,287.4322509765625,du_pf_soft,5.0,3.0,8.0,0.0,pf,budget_dual,1.0,65.08715655047183,2.2733991896711854,1.2979810385387653,0.9098933365330851,6.0,,,,,16,4
294.987548828125,285.2310791015625,3.511756420135498,0.0,3.8266382217407227,0.6964936852455139,-7.482138633728027,-120.0,0.7857142686843872,0.75,0.07943267375230789,0.0,1.1244356925599277,2.891586887534864e-15,1.0010218429992376e-15,2.8815868165595797e-15,0.0,0.069534070789814,285.2311096191406,du_pf_cognitive,5.0,3.0,8.0,0.0,pf,budget_dual,1.0,65.02820130762548,2.2691992118412223,1.3063950227066887,0.9132041829325774,6.0,2.0,2.0,2.0,0.5,16,4
386.8188171386719,373.4667663574219,3.069990634918213,0.0,2.93941068649292,0.5730658173561096,-30.150623321533203,-120.0,0.6666666865348816,0.613095223903656,0.07943267375230789,0.0,2.6914796219207346,4.580581384030016e-15,1.562616227852745e-15,4.570581313054732e-15,0.0,0.029552007094025612,373.46673583984375,pf_fs_soft,5.0,0.0,20.0,0.0,pf,budget_dual,0.0,77.10862653242368,1.9422662234346482,1.05320233995703,0.9002740861420168,6.0,,,,,16,6
390.248291015625,370.3529052734375,3.0972087383270264,0.0,3.2335689067840576,0.5740059018135071,-29.901641845703125,-120.0,0.6507936716079712,0.6190476417541504,0.0794326663017273,0.0,2.703306815121323,1.5523850227619788e-15,6.887112132863613e-16,1.542385057665813e-15,0.0,0.029244616627693176,370.3529052734375,pf_fs_cognitive,5.0,0.0,20.0,0.0,pf,budget_dual,0.0,76.72910950329543,1.9409804869621312,1.0051538061913041,0.8942680442170964,6.0,2.0,2.0,2.0,0.5,16,6
365.31439208984375,342.6822509765625,2.899320602416992,0.0,3.1757084131240845,0.5799134969711304,-19.649507522583008,-120.0,0.658730149269104,0.6329365372657776,0.07943267375230789,0.0,1.128191627562046,4.605586220149437e-15,1.7272501042831824e-15,4.595586149174153e-15,0.0,0.06975769996643066,342.6822509765625,du_pf_soft,5.0,0.0,8.0,0.0,pf,budget_dual,1.0,71.14317991058611,1.8528704906688949,1.0277634300384144,0.9003934789982557,6.0,,,,,16,6
372.3638000488281,348.6717834472656,2.955268144607544,0.0,3.1579675674438477,0.5830874443054199,-20.170654296875,-120.0,0.658730149269104,0.6428571343421936,0.0794326663017273,0.0,1.1276512541808188,1.4991962241138555e-15,7.916708738217593e-16,1.4891962590176896e-15,0.0,0.06584364175796509,348.67181396484375,du_pf_cognitive,5.0,0.0,8.0,0.0,pf,budget_dual,1.0,71.54591169735596,1.860450814965512,0.9862325504930981,0.8965674436876198,6.0,2.0,2.0,2.0,0.5,16,6
349.71160888671875,361.8172607421875,2.77548885345459,0.0,2.315178871154785,0.5115758776664734,-34.791412353515625,-120.0,0.5873016119003296,0.5734127163887024,0.0794326663017273,0.0,2.711079316213727,4.818517597594959e-15,1.9387535959378708e-15,4.808517526619675e-15,0.0,0.029656974598765373,361.8172607421875,pf_fs_soft,5.0,1.0,20.0,0.0,pf,budget_dual,0.0,76.00671365183254,1.9135004896249792,1.1437202854717614,0.9105888629174199,6.0,,,,,16,6
352.1361389160156,362.26953125,2.794731378555298,0.0,2.480146646499634,0.5145564079284668,-35.32025146484375,-120.0,0.5873016119003296,0.5694444179534912,0.0794326663017273,0.0,2.7101432234048843,2.5875689750734033e-15,9.991294655159531e-16,2.577568904098119e-15,0.0,0.032552558928728104,362.26953125,pf_fs_cognitive,5.0,1.0,20.0,0.0,pf,budget_dual,0.0,75.87671246136037,1.916488960183989,1.115616568867922,0.9071321962729497,6.0,2.0,2.0,2.0,0.5,16,6
325.5378112792969,329.3675537109375,2.5836334228515625,0.0,2.1766833066940308,0.5430758595466614,-18.791305541992188,-120.0,0.6111111044883728,0.5952380895614624,0.07943267375230789,0.0,1.1345220049843192,5.873253611427855e-15,2.2293892348656608e-15,5.8632535404525704e-15,0.0,0.07799695432186127,329.3675537109375,du_pf_soft,5.0,1.0,8.0,0.0,pf,budget_dual,1.0,70.02876273053973,1.8284407039569504,1.0895806935469308,0.9084629219838886,6.0,,,,,16,6
325.41845703125,327.7235107421875,2.582686185836792,0.0,2.008620262145996,0.5548655390739441,-18.826560974121094,-120.0,0.658730149269104,0.613095223903656,0.0794326663017273,0.0,1.1289784121327102,2.6109138383744422e-15,9.30196865477214e-16,2.600913767399158e-15,0.0,0.07777626812458038,327.7235107421875,du_pf_cognitive,5.0,1.0,8.0,0.0,pf,budget_dual,1.0,69.69950398900939,1.820170672220224,1.0838112696950384,0.9122353959543938,6.0,2.0,2.0,2.0,0.5,16,6
359.0772705078125,352.0084228515625,2.8498196601867676,0.0,2.504136800765991,0.5288811326026917,-36.85619354248047,-120.0,0.6269841194152832,0.5753968358039856,0.0794326663017273,0.0,2.70522038359195,4.640321770766915e-15,1.757885591919476e-15,4.630321699791631e-15,0.0,0.02972908318042755,352.0084228515625,pf_fs_soft,5.0,2.0,20.0,0.0,pf,budget_dual,0.0,77.95232529808996,1.9385420471014125,1.1383742045672105,0.918343164722589,6.0,,,,,16,6
361.68157958984375,355.73480224609375,2.8704886436462402,0.0,2.406383514404297,0.5181039571762085,-36.41555404663086,-120.0,0.5873016119003296,0.5654761791229248,0.0794326588511467,0.0,2.7201259792782366,1.790359352809548e-15,6.330734306294889e-16,1.780359281834264e-15,0.0,0.02768278308212757,355.73480224609375,pf_fs_cognitive,5.0,2.0,20.0,0.0,pf,budget_dual,0.0,77.6777339590152,1.9347907136627291,1.164500826692434,0.915983409879336,6.0,2.0,2.0,2.0,0.5,16,6
334.2869873046875,323.14202880859375,2.653071403503418,0.0,2.4836020469665527,0.5521802306175232,-22.750120162963867,-120.0,0.6190476417541504,0.5992063283920288,0.0794326663017273,0.0,1.1370748211629689,4.046489417820027e-15,1.7968243317794666e-15,4.036489346844743e-15,0.0,0.08156680315732956,323.14202880859375,du_pf_soft,5.0,2.0,8.0,0.0,pf,budget_dual,1.0,71.83341754087122,1.8479303096894013,1.0368713246663017,0.917182507176771,6.0,,,,,16,6
336.87139892578125,329.5201110839844,2.6735825538635254,0.0,2.2566285133361816,0.5436344146728516,-22.65961456298828,-120.0,0.6190476417541504,0.5833333134651184,0.0794326663017273,0.0,1.1352650881744921,1.6057017233851376e-15,8.193049002094572e-16,1.5957017582889717e-15,0.0,0.08334464579820633,329.5201110839844,du_pf_cognitive,5.0,2.0,8.0,0.0,pf,budget_dual,1.0,71.9852624910617,1.8488404102035227,1.0920976511906417,0.9171382978981769,6.0,2.0,2.0,2.0,0.5,16,6
362.56646728515625,369.40716552734375,2.877511739730835,0.0,2.4519346952438354,0.5609853863716125,-32.30327606201172,-120.0,0.682539701461792,0.6071428656578064,0.0794326663017273,0.0,2.707902270834893,3.882719409116671e-15,1.5800168256881902e-15,3.8727193381413866e-15,0.0,0.03025653026998043,369.40716552734375,pf_fs_soft,5.0,3.0,20.0,0.0,pf,budget_dual,0.0,79.98753265706438,1.9664991843432709,1.1972712856227687,0.9247547449991789,6.0,,,,,16,6
359.91241455078125,376.019287109375,2.856447696685791,0.0,2.456404447555542,0.5364048480987549,-34.53549575805664,-120.0,0.6428571343421936,0.5833333134651184,0.07943267375230789,0.0,2.6896137529984117,1.3495371490370453e-15,5.934705110597325e-16,1.3395371839408795e-15,0.0,0.03392000496387482,376.019287109375,pf_fs_cognitive,5.0,3.0,20.0,0.0,pf,budget_dual,0.0,80.29273845709926,1.9687306292916584,1.2562318027702393,0.9250496374297728,6.0,2.0,2.0,2.0,0.5,16,6
341.3854064941406,345.43353271484375,2.7094080448150635,0.0,2.545550227165222,0.5778557062149048,-19.40005111694336,-120.0,0.658730149269104,0.6190476417541504,0.0794326588511467,0.0,1.1256001368165016,4.719211878375339e-15,1.830282556712485e-15,4.7092118074000544e-15,0.0,0.0732155367732048,345.43353271484375,du_pf_soft,5.0,3.0,8.0,0.0,pf,budget_dual,1.0,74.65645648597676,1.8875276046149174,1.1330546199406846,0.9218442123014127,6.0,,,,,16,6
338.2014465332031,341.1785888671875,2.684138536453247,0.0,2.272761106491089,0.5671157240867615,-20.723752975463867,-120.0,0.658730149269104,0.6289682388305664,0.07943267375230789,0.0,1.1213696179911494,1.8585465638547034e-15,7.760190284454799e-16,1.848546492879419e-15,0.0,0.07766884565353394,341.1785888671875,du_pf_cognitive,5.0,3.0,8.0,0.0,pf,budget_dual,1.0,74.41823416130579,1.886683956496527,1.1406987893894882,0.9205115395998136,6.0,2.0,2.0,2.0,0.5,16,6
452.67303466796875,426.156005859375,2.6944823265075684,0.0,1.977742075920105,0.5003998279571533,-41.68291473388672,-120.0,0.5773809552192688,0.5372023582458496,0.0794326663017273,0.0,2.678989406209439,1.2437109278378138e-14,2.0899553297698678e-15,1.2427109207402854e-14,0.0,0.02482025697827339,426.1559753417969,pf_fs_soft,5.0,0.0,20.0,0.0,pf,budget_dual,0.0,88.8498485896237,1.815445934434059,1.002551522100851,0.8709449046349886,6.0,,,,,16,8
447.1571350097656,421.96124267578125,2.661649703979492,0.0,1.8024852871894836,0.5009931921958923,-41.50864791870117,-120.0,0.5833333134651184,0.5372023582458496,0.07943267375230789,0.0,2.676201238296926,5.359254113759685e-15,8.033120711323487e-16,5.3492540427844005e-15,0.0,0.022578442469239235,421.9612121582031,pf_fs_cognitive,5.0,0.0,20.0,0.0,pf,budget_dual,0.0,88.41543850615015,1.8094512042916755,0.9985928562580705,0.8735707993704156,6.0,2.0,2.0,2.0,0.5,16,8
419.7206726074219,392.749267578125,2.4983372688293457,0.0,1.947323203086853,0.5166184306144714,-25.664289474487305,-120.0,0.613095223903656,0.5491071343421936,0.0794326663017273,0.0,1.1204129522666335,1.3689771057479472e-14,2.4370713373788114e-15,1.3679770986504188e-14,0.0,0.0751127079129219,392.74920654296875,du_pf_soft,5.0,0.0,8.0,0.0,pf,budget_dual,1.0,81.40353545802176,1.7339914946212225,0.9887311823763139,0.8728818876949549,6.0,,,,,16,8
414.04608154296875,386.4218444824219,2.464560031890869,0.0,2.2141010761260986,0.5185537934303284,-25.09859275817871,-120.0,0.5773809552192688,0.5580357313156128,0.0794326663017273,0.0,1.1197901968844235,5.465607147100461e-15,8.99847039702382e-16,5.455607076125177e-15,0.0,0.0744183287024498,386.4218444824219,du_pf_cognitive,5.0,0.0,8.0,0.0,pf,budget_dual,1.0,81.35455932186629,1.7326366810065648,0.9816663873390129,0.8731382152163777,6.0,2.0,2.0,2.0,0.5,16,8
423.689453125,430.8552551269531,2.521960973739624,0.0,1.732832908630371,0.4919932186603546,-43.24422836303711,-120.0,0.5773809552192688,0.5223214030265808,0.0794326588511467,0.0,2.7056921757757664,9.259183961815142e-15,1.8165786224170945e-15,9.249183890839858e-15,0.0,0.02591734193265438,430.855224609375,pf_fs_soft,5.0,1.0,20.0,0.0,pf,budget_dual,0.0,88.08741801618194,1.7921318388725813,0.9901324863830264,0.8924738789937505,6.0,,,,,16,8
424.3060302734375,427.8481140136719,2.5256311893463135,0.0,2.199105978012085,0.49857908487319946,-42.74733352661133,-120.0,0.5595238208770752,0.5327380895614624,0.0794326663017273,0.0,2.7126420601271093,3.4847689309364972e-15,7.798767341246312e-16,3.474768859961213e-15,0.0,0.030144771561026573,427.84814453125,pf_fs_cognitive,5.0,1.0,20.0,0.0,pf,budget_dual,0.0,88.02499234491204,1.789793544133517,0.9813009589723707,0.8934620128099237,6.0,2.0,2.0,2.0,0.5,16,8
395.23614501953125,397.2002868652344,2.3525960445404053,0.0,2.1062813997268677,0.518818199634552,-29.135738372802734,-120.0,0.5892857313156128,0.5446428656578064,0.0794326663017273,0.0,1.134103711694479,8.191198235104821e-15,1.9216985875449054e-15,8.181198164129537e-15,0.0,0.0707089826464653,397.2002868652344,du_pf_soft,5.0,1.0,8.0,0.0,pf,budget_dual,1.0,80.90133327491088,1.7132710831028397,0.9916792963135376,0.8973509972473768,6.0,,,,,16,8
397.50372314453125,395.8580627441406,2.366093635559082,0.0,1.7413822412490845,0.5115602016448975,-28.156494140625,-120.0,0.5952380895614624,0.5535714030265808,0.0794326588511467,0.0,1.1344077922403812,3.48214969330535e-15,8.30149463033154e-16,3.472149622330066e-15,0.0,0.07853672653436661,395.8580627441406,du_pf_cognitive,5.0,1.0,8.0,0.0,pf,budget_dual,1.0,81.00995459897298,1.7166049804671195,0.9564457565818572,0.8942663251639572,6.0,2.0,2.0,2.0,0.5,16,8
453.5390625,435.77197265625,2.6996371746063232,0.0,1.752172827720642,0.48789989948272705,-41.43666458129883,-120.0,0.5714285969734192,0.5446428656578064,0.0794326588511467,0.0,2.708149364218116,7.924447231223708e-15,1.5706638878846082e-15,7.914447160248424e-15,0.0,0.024906929582357407,435.77197265625,pf_fs_soft,5.0,2.0,20.0,0.0,pf,budget_dual,0.0,84.3666759980641,1.7558366830194634,0.9184767705125436,0.8871184111399704,6.0,,,,,16,8
449.3947448730469,430.88128662109375,2.674968719482422,0.0,1.9555325508117676,0.4917531907558441,-40.79655075073242,-120.0,0.5714285969734192,0.5297619104385376,0.07943267375230789,0.0,2.7099690744653344,3.3414820847218812e-15,6.597367572596334e-16,3.331482013746597e-15,0.0,0.026892557740211487,430.88128662109375,pf_fs_cognitive,5.0,2.0,20.0,0.0,pf,budget_dual,0.0,83.97764248349311,1.7578048648294986,0.8380952273998976,0.8826954991699941,6.0,2.0,2.0,2.0,0.5,16,8
416.9774475097656,400.7850341796875,2.482008695602417,0.0,1.736364483833313,0.5057826638221741,-25.213924407958984,-120.0,0.5595238208770752,0.5446428656578064,0.0794326663017273,0.0,1.1264308872632682,1.1815354060808539e-14,2.0003790544988838e-15,1.1805353989833255e-14,0.0,0.07894490659236908,400.7850341796875,du_pf_soft,5.0,2.0,8.0,0.0,pf,budget_dual,1.0,77.24766223309086,1.6810357872922599,0.8732009516483378,0.889411155708815,6.0,,,,,16,8
423.974853515625,402.8616943359375,2.5236599445343018,0.0,1.762302279472351,0.5033684372901917,-26.35855484008789,-120.0,0.5833333134651184,0.543154776096344,0.0794326663017273,0.0,1.1342785791493952,3.8790928375530016e-15,6.858299248371574e-16,3.869092766577717e-15,0.0,0.08616247773170471,402.8616638183594,du_pf_cognitive,5.0,2.0,8.0,0.0,pf,budget_dual,1.0,78.0056162876106,1.689642290752607,0.8498517255001645,0.8891448237656354,6.0,2.0,2.0,2.0,0.5,16,8
417.31536865234375,411.70196533203125,2.4840199947357178,0.0,1.8371158838272095,0.47836852073669434,-44.774871826171875,-120.0,0.5773809552192688,0.53125,0.0794326663017273,0.0,2.709550730418414,1.13059645399558e-14,2.0747532059490212e-15,1.1295964468980516e-14,0.0,0.027082471176981926,411.70196533203125,pf_fs_soft,5.0,3.0,20.0,0.0,pf,budget_dual,0.0,82.33395898414331,1.7348767243648306,0.9924415686597148,0.8824587501381029,6.0,,,,,16,8
413.35552978515625,408.0606994628906,2.460449695587158,0.0,1.7522523403167725,0.47857266664505005,-44.61663055419922,-120.0,0.5535714030265808,0.5163690447807312,0.07943267375230789,0.0,2.696983851492405,4.0930423486011235e-15,8.170916031182817e-16,4.083042277625839e-15,0.0,0.025708574801683426,408.0606994628906,pf_fs_cognitive,5.0,3.0,20.0,0.0,pf,budget_dual,0.0,82.65870564628803,1.7415010489087681,0.9620545020934477,0.8814213756078806,6.0,2.0,2.0,2.0,0.5,16,8
387.37689208984375,380.34356689453125,2.305814743041992,0.0,2.081987977027893,0.498049259185791,-30.75113868713379,-120.0,0.5714285969734192,0.550595223903656,0.0794326663017273,0.0,1.1281541674397886,1.5631076551929184e-14,2.6607348340242825e-15,1.56210764809539e-14,0.0,0.07536400854587555,380.34356689453125,du_pf_soft,5.0,3.0,8.0,0.0,pf,budget_dual,1.0,75.76962992299025,1.663152149144909,0.9651543742776765,0.8890181186614654,6.0,,,,,16,8
388.18023681640625,380.3450622558594,2.3105967044830322,0.0,2.127236485481262,0.503860592842102,-30.330215454101562,-120.0,0.5654761791229248,0.5461309552192688,0.0794326663017273,0.0,1.129193564876914,5.236105264107803e-15,9.449814020550643e-16,5.226105193132519e-15,0.0,0.07013319432735443,380.3450927734375,du_pf_cognitive,5.0,3.0,8.0,0.0,pf,budget_dual,1.0,75.70399901570619,1.6665268543594651,0.9460655046577393,0.8845718508211451,6.0,2.0,2.0,2.0,0.5,16,8
493.4000244140625,487.5478515625,5.873809814453125,0.0,6.209037780761719,0.8114256858825684,2.9634735584259033,-120.0,0.8809523582458496,0.8660714030265808,0.0794326663017273,0.0,2.725943992845714,2.9606060966924598e-15,1.2248774043654986e-15,2.9506060257171755e-15,0.0,0.03313148766756058,487.5478515625,pf_fs_soft,5.0,0.0,20.0,0.0,pf,budget_dual,0.0,96.40542406034025,3.2072095880740776,2.4028776282542825,0.9638142092406516,6.0,,,,,32,4
497.3245849609375,493.2773132324219,5.920530796051025,0.0,6.130451679229736,0.7969817519187927,1.7947298288345337,-120.0,0.8690476417541504,0.8541666865348816,0.0794326663017273,0.0,2.710242999251932,6.918551348887732e-16,4.0032341451212694e-16,6.818551168530482e-16,0.0,0.029856817796826363,493.27728271484375,pf_fs_cognitive,5.0,0.0,20.0,0.0,pf,budget_dual,0.0,96.24927333115082,3.2039343325542213,2.323799719093537,0.9628570775536062,6.0,2.0,2.0,2.0,0.5,32,4
463.9946594238281,453.42034912109375,5.523746013641357,2.476476729498246e-05,5.712067604064941,0.8308355808258057,7.616454124450684,-120.0,0.9047619104385376,0.8809523582458496,0.0794326663017273,0.0,1.1236828844994307,2.6632608980312316e-15,1.1824602178284898e-15,2.6532608270559473e-15,0.0,0.06743983924388885,453.42034912109375,du_pf_soft,5.0,0.0,8.0,0.0,pf,budget_dual,1.0,91.3946290468329,3.034580920221327,2.1958033460209427,0.9551078505603658,6.0,,,,,32,4
460.66436767578125,451.9031677246094,5.484099388122559,0.018052224721759567,5.66076922416687,0.8213769197463989,7.356932163238525,-120.0,0.8928571343421936,0.8809523582458496,0.0794326663017273,0.0,1.1274465108290315,8.024158573345945e-16,4.2131641142577553e-16,7.924158392988694e-16,0.0,0.08200395107269287,451.9031677246094,du_pf_cognitive,5.0,0.0,8.0,0.0,pf,budget_dual,1.0,91.32615826378522,3.030454739589225,2.216596715645537,0.9552252673507409,6.0,2.0,2.0,2.0,0.5,32,4
476.70452880859375,482.1582336425781,5.67505407333374,0.0,5.6395344734191895,0.7592408061027527,2.0605380535125732,-120.0,0.8571428656578064,0.8571428656578064,0.0794326663017273,0.0,2.68751036003232,3.188339374891251e-15,1.0538360413264378e-15,3.1783393039159667e-15,0.0,0.03059726022183895,482.15826416015625,pf_fs_soft,5.0,1.0,20.0,0.0,pf,budget_dual,0.0,97.71612920138969,3.255423265096867,2.5351726134610617,0.9635265262331267,6.0,,,,,32,4
474.912841796875,477.49078369140625,5.653724193572998,2.3647577478413996e-07,6.16675591468811,0.7846528887748718,2.7153141498565674,-120.0,0.8571428656578064,0.8541666865348816,0.0794326588511467,0.0,2.689524495974183,6.665889891051247e-16,3.8922018900216235e-16,6.565889710693996e-16,0.0,0.03183018043637276,477.4908142089844,pf_fs_cognitive,5.0,1.0,20.0,0.0,pf,budget_dual,0.0,97.84990471829924,3.2573692071490745,2.5503706000904924,0.9648103586490847,6.0,2.0,2.0,2.0,0.5,32,4
437.8614196777344,431.4019470214844,5.2126359939575195,0.07709961021319049,5.403903245925903,0.8316490650177002,8.663834571838379,-60.95328617095947,0.9166666865348816,0.886904776096344,0.07943267375230789,0.0,1.1372696361504495,2.4539156463261472e-15,1.1244835654460115e-15,2.443915575350863e-15,0.0,0.07627762109041214,431.4019775390625,du_pf_soft,5.0,1.0,8.0,0.0,pf,budget_dual,1.0,92.96282121182738,3.083743845741032,2.252027394473784,0.9571331841343738,6.0,,,,,32,4
438.42340087890625,434.5169372558594,5.219326019287109,0.12521257773041727,5.598579406738281,0.8232390880584717,9.17877197265625,-55.2586145401001,0.8928571343421936,0.8928571343421936,0.0794326588511467,0.0,1.1329229576513171,5.759522815237375e-16,3.1970146863370295e-16,5.659522634880124e-16,0.0,0.07962152361869812,434.5169372558594,du_pf_cognitive,5.0,1.0,8.0,0.0,pf,budget_dual,1.0,93.11870652251781,3.0863959997527144,2.376586229835592,0.9586036596199973,6.0,2.0,2.0,2.0,0.5,32,4
486.97882080078125,493.38616943359375,5.797367095947266,0.019752169400453615,5.95702600479126,0.7829002141952515,3.398069381713867,-120.0,0.8928571343421936,0.8601190447807312,0.0794326663017273,0.0,2.709397343918681,2.217569948877911e-15,9.135922668539512e-16,2.207569877902627e-15,0.0,0.03411649540066719,493.38616943359375,pf_fs_soft,5.0,2.0,20.0,0.0,pf,budget_dual,0.0,96.47894102968452,3.2077202543024064,2.3769333055177446,0.96318392157529,6.0,,,,,32,4
489.5715637207031,494.92193603515625,5.828232765197754,0.0,6.130616664886475,0.7742353677749634,2.2151782512664795,-120.0,0.8809523582458496,0.8422619104385376,0.0794326588511467,0.0,2.7160083982162178,6.641281995746734e-16,3.752489364025743e-16,6.541281815389483e-16,0.0,0.03424215689301491,494.9219970703125,pf_fs_cognitive,5.0,2.0,20.0,0.0,pf,budget_dual,0.0,96.4788737657079,3.2077684801336313,2.39343742713214,0.9636312377496884,6.0,2.0,2.0,2.0,0.5,32,4
452.29833984375,455.40496826171875,5.3845038414001465,0.13530798628926283,5.528508901596069,0.8019464612007141,9.164098739624023,-62.64819049835205,0.9166666865348816,0.8809523582458496,0.07943267375230789,0.0,1.1400834829546511,3.2200525001946888e-15,1.117424604621831e-15,3.2100524292194045e-15,0.0,0.07831932604312897,455.4049987792969,du_pf_soft,5.0,2.0,8.0,0.0,pf,budget_dual,1.0,91.54246196096666,3.029599053609029,2.28181875456927,0.9583335197690627,6.0,,,,,32,4
451.4058837890625,455.7074890136719,5.373879432678223,0.5189412921667099,5.534400939941406,0.8016747236251831,9.204192161560059,-55.34803009033203,0.8928571343421936,0.8809523582458496,0.0794326663017273,0.0,1.1339442203752697,7.19297043616122e-16,3.725972997611947e-16,7.09297025580397e-16,0.0,0.08836057037115097,455.7074890136719,du_pf_cognitive,5.0,2.0,8.0,0.0,pf,budget_dual,1.0,91.65837688354188,3.0369583664700106,2.2629381606571233,0.9565199624787712,6.0,2.0,2.0,2.0,0.5,32,4
474.91607666015625,480.055419921875,5.6537628173828125,1.0189875865762613e-06,6.298675298690796,0.8220178484916687,4.370967864990234,-120.0,0.9047619104385376,0.8839285969734192,0.0794326663017273,0.0,2.7011672919616103,2.519541853255279e-15,1.0813078609047365e-15,2.509541782279995e-15,0.0,0.03102540411055088,480.055419921875,pf_fs_soft,5.0,3.0,20.0,0.0,pf,budget_dual,0.0,95.88379155446783,3.1744520075012312,2.451476458663976,0.970416459076294,6.0,,,,,32,4
477.95550537109375,478.9211120605469,5.68994665145874,0.0,6.168665647506714,0.8319386839866638,4.897005558013916,-120.0,0.9047619104385376,0.8898809552192688,0.0794326663017273,0.0,2.6861307751387358,8.797903583025843e-16,4.1119764995875725e-16,8.697903402668592e-16,0.0,0.03148403763771057,478.92108154296875,pf_fs_cognitive,5.0,3.0,20.0,0.0,pf,budget_dual,0.0,95.85501842871818,3.174011408621275,2.4475949404665394,0.970428447579086,6.0,2.0,2.0,2.0,0.5,32,4
444.142822265625,442.1371765136719,5.28741455078125,0.12560888115881455,5.562646865844727,0.8464046120643616,7.771323204040527,-120.0,0.9166666865348816,0.913690447807312,0.0794326663017273,0.0,1.1237149951048195,2.7774599975624245e-15,1.3120782816150264e-15,2.7674599265871402e-15,0.0,0.07006308436393738,442.13714599609375,du_pf_soft,5.0,3.0,8.0,0.0,pf,budget_dual,1.0,90.79983864093695,2.9979687187515958,2.2308563928768153,0.9635388964538697,6.0,,,,,32,4
442.6777038574219,439.4951171875,5.269972801208496,0.0382877702359111,5.555461406707764,0.8512595891952515,7.930994510650635,-81.92766952514648,0.9166666865348816,0.9077380895614624,0.0794326663017273,0.0,1.1324414745904505,9.266861256690818e-16,4.239241082330163e-16,9.16686160572916e-16,0.0,0.06823365390300751,439.4951171875,du_pf_cognitive,5.0,3.0,8.0,0.0,pf,budget_dual,1.0,90.87085425177268,3.0036571320617678,2.2556399506143503,0.961405850498101,6.0,2.0,2.0,2.0,0.5,32,4
556.9197998046875,555.9291381835938,4.419998645782471,0.0,4.874953508377075,0.6935439705848694,-11.154943466186523,-120.0,0.8333333134651184,0.7698412537574768,0.07943267375230789,0.0,2.714555342681706,6.58517845084799e-15,1.979709968278221e-15,6.5751783798727054e-15,0.0,0.03011728636920452,555.9291381835938,pf_fs_soft,5.0,0.0,20.0,0.0,pf,budget_dual,0.0,118.5800728533338,2.65050423526452,1.7172293625275197,0.9314998762423906,6.0,,,,,32,6
557.88818359375,555.947265625,4.4276838302612305,0.0,4.6674745082855225,0.6778505444526672,-10.61248779296875,-120.0,0.7857142686843872,0.7757936716079712,0.0794326588511467,0.0,2.717503341846168,2.217770907444647e-15,6.058357097819876e-16,2.207770836469363e-15,0.0,0.03439950942993164,555.947265625,pf_fs_cognitive,5.0,0.0,20.0,0.0,pf,budget_dual,0.0,118.59427324058507,2.6549887186169396,1.6966315456669625,0.9275144388294808,6.0,2.0,2.0,2.0,0.5,32,6
525.4652099609375,513.465087890625,4.170358657836914,0.0,4.4847283363342285,0.7026581764221191,-3.9474689960479736,-120.0,0.817460298538208,0.7976190447807312,0.0794326663017273,0.0,1.1389271216467023,4.128275954591587e-15,1.6491126913275125e-15,4.118275883616303e-15,0.0,0.08122186362743378,513.465087890625,du_pf_soft,5.0,0.0,8.0,0.0,pf,budget_dual,1.0,112.1292691298844,2.531908745600664,1.5433715700245387,0.9198442835193942,6.0,,,,,32,6
523.2740478515625,510.33123779296875,4.152968406677246,0.0,4.379050016403198,0.7005590200424194,-4.1837077140808105,-120.0,0.8253968358039856,0.7936508059501648,0.0794326663017273,0.0,1.1399858486838639,1.3025722426062282e-15,6.14521132683574e-16,1.2925722775100623e-15,0.0,0.07814880460500717,510.33123779296875,du_pf_cognitive,5.0,0.0,8.0,0.0,pf,budget_dual,1.0,111.78122848970888,2.5269355440729653,1.5647895797579863,0.9177458873896474,6.0,2.0,2.0,2.0,0.5,32,6
540.7406005859375,561.622314453125,4.291592121124268,0.0,4.282878398895264,0.682733416557312,-8.753131866455078,-120.0,0.8333333134651184,0.795634925365448,0.07943267375230789,0.0,2.7152479123324156,5.1759989591376905e-15,1.6773370996794467e-15,5.165998888162406e-15,0.0,0.032208651304244995,561.622314453125,pf_fs_soft,5.0,1.0,20.0,0.0,pf,budget_dual,0.0,117.80736262334317,2.6413745483652074,1.8182078381910325,0.9217900059078831,6.0,,,,,32,6
539.5523681640625,546.3341064453125,4.282161712646484,0.0,4.399874448776245,0.7041667699813843,-7.929391860961914,-120.0,0.8333333134651184,0.8115079402923584,0.07943267375230789,0.0,2.71507960697636,1.6081140732189178e-15,6.477752756158634e-16,1.598114108122752e-15,0.0,0.03086494654417038,546.3341064453125,pf_fs_cognitive,5.0,1.0,20.0,0.0,pf,budget_dual,0.0,117.66407071276481,2.6409471680820826,1.73417967983713,0.9189518218862348,6.0,2.0,2.0,2.0,0.5,32,6
501.66937255859375,505.21685791015625,3.9815030097961426,0.0,3.979129910469055,0.7246831059455872,-2.0789337158203125,-120.0,0.8492063283920288,0.8273809552192688,0.0794326663017273,0.0,1.1372759179212153,4.959003941127716e-15,1.6689301917988293e-15,4.9490038701524314e-15,0.0,0.07558128982782364,505.21685791015625,du_pf_soft,5.0,1.0,8.0,0.0,pf,budget_dual,1.0,111.38344929083748,2.5200977245168943,1.708911975001484,0.9116924621454637,6.0,,,,,32,6
504.03173828125,506.9324951171875,4.000251770019531,1.0748914647251695e-08,4.149226427078247,0.7246055603027344,-1.8425486087799072,-120.0,0.841269850730896,0.817460298538208,0.0794326663017273,0.0,1.1373573103919625,2.0096572416448705e-15,7.147990339684057e-16,1.9996571706695863e-15,0.0,0.07297061383724213,506.9324951171875,du_pf_cognitive,5.0,1.0,8.0,0.0,pf,budget_dual,1.0,111.24711273332939,2.5185015690800086,1.6617920234801768,0.9124592938417874,6.0,2.0,2.0,2.0,0.5,32,6
557.6253662109375,559.4544067382812,4.42559814453125,0.0,4.858613967895508,0.6759054064750671,-12.081157684326172,-120.0,0.8015872836112976,0.7638888955116272,0.07943267375230789,0.0,2.721689600031823,3.590567581213296e-15,1.4871560742851092e-15,3.580567510238011e-15,0.0,0.02847571112215519,559.4544677734375,pf_fs_soft,5.0,2.0,20.0,0.0,pf,budget_dual,0.0,117.343039739086,2.6328973268385765,1.7333739349917767,0.9195762313552936,6.0,,,,,32,6
555.24609375,559.573974609375,4.406714916229248,0.0,4.864885091781616,0.6752567291259766,-12.284994125366211,-120.0,0.7936508059501648,0.75,0.0794326588511467,0.0,2.721688288729638,1.5819141794900398e-15,6.974295645937722e-16,1.571914214393874e-15,0.0,0.03310568258166313,559.573974609375,pf_fs_cognitive,5.0,2.0,20.0,0.0,pf,budget_dual,0.0,117.29429091234348,2.626258921044821,1.8454643053886892,0.9244954722313466,6.0,2.0,2.0,2.0,0.5,32,6
520.9546508789062,509.1378173828125,4.134560585021973,0.0,4.506254196166992,0.6880629062652588,-3.80338716506958,-120.0,0.8015872836112976,0.7817460298538208,0.07943267375230789,0.0,1.1389793106354773,3.3577122947824577e-15,1.6436589638174973e-15,3.3477122238071734e-15,0.0,0.08087287098169327,509.1378173828125,du_pf_soft,5.0,2.0,8.0,0.0,pf,budget_dual,1.0,110.7164128793746,2.5054903479088653,1.656826385588631,0.9112594518488243,6.0,,,,,32,6
518.6989135742188,511.3734130859375,4.1166582107543945,0.0,4.575996160507202,0.6872820258140564,-4.036470890045166,-120.0,0.7936508059501648,0.783730149269104,0.07943267375230789,0.0,1.1271807518787682,2.467263826783691e-15,7.52017238154286e-16,2.4572637558084066e-15,0.0,0.07726506888866425,511.3734436035156,du_pf_cognitive,5.0,2.0,8.0,0.0,pf,budget_dual,1.0,110.56798806643606,2.500911463820858,1.6084180415486249,0.9122162266407979,6.0,2.0,2.0,2.0,0.5,32,6
585.6527709960938,579.673583984375,4.648037910461426,0.0,5.218396902084351,0.6581000685691833,-13.720236778259277,-120.0,0.761904776096344,0.738095223903656,0.07943267375230789,0.0,2.689901423174888,3.3993363408434812e-15,1.5493415275033757e-15,3.389336269868197e-15,0.0,0.034164778888225555,579.673583984375,pf_fs_soft,5.0,3.0,20.0,0.0,pf,budget_dual,0.0,119.91274583890663,2.695585063698286,1.80902067537706,0.9090254019750044,6.0,,,,,32,6
586.0474243164062,578.3067626953125,4.651170253753662,0.0,5.052861928939819,0.6645780801773071,-13.881771087646484,-120.0,0.7539682388305664,0.7460317611694336,0.0794326663017273,0.0,2.7194939707405865,1.6807272431717136e-15,5.836486346407269e-16,1.6707272780755477e-15,0.0,0.029654210433363914,578.3067626953125,pf_fs_cognitive,5.0,3.0,20.0,0.0,pf,budget_dual,0.0,120.02230726519338,2.6953994138492736,1.7934871589687165,0.9111070616533201,6.0,2.0,2.0,2.0,0.5,32,6
549.396240234375,531.2568359375,4.360287666320801,0.0,4.739665985107422,0.6742052435874939,-5.534787654876709,-120.0,0.7857142686843872,0.77182537317276,0.0794326663017273,0.0,1.1362363593652844,3.0897936559835543e-15,1.5107806702169789e-15,3.07979358500827e-15,0.0,0.07659664750099182,531.2568359375,du_pf_soft,5.0,3.0,8.0,0.0,pf,budget_dual,1.0,113.29446441902857,2.573980710079304,1.6189872584672123,0.8976068778905236,6.0,,,,,32,6
549.0592041015625,526.2026977539062,4.357612609863281,0.0,4.865616798400879,0.6826229691505432,-5.054362773895264,-120.0,0.8095238208770752,0.7817460298538208,0.0794326514005661,0.0,1.1353683532215655,2.0249203518379194e-15,6.414436513955783e-16,2.014920280862635e-15,0.0,0.0786990374326706,526.2026977539062,du_pf_cognitive,5.0,3.0,8.0,0.0,pf,budget_dual,1.0,113.17419646782089,2.5721362606566665,1.651621260327686,0.8969188920299779,6.0,2.0,2.0,2.0,0.5,32,6
621.7991943359375,635.1143188476562,3.701185703277588,0.0,3.958213686943054,0.6260601282119751,-19.46878433227539,-120.0,0.7321428656578064,0.7023809552192688,0.07943267375230789,0.0,2.724468700122088,2.0569013513109264e-15,6.601357627173494e-16,2.046901280335642e-15,0.0,0.033627115190029144,635.1142578125,pf_fs_soft,5.0,0.0,20.0,0.0,pf,budget_dual,0.0,130.87005501073503,2.270134127920577,1.4557924761132748,0.9068305152048036,6.0,,,,,32,8
621.1336059570312,633.1146850585938,3.6972239017486572,0.0,3.8753467798233032,0.6271693110466003,-19.506887435913086,-120.0,0.738095223903656,0.7053571343421936,0.07943267375230789,0.0,2.6909167668782175,6.241768318262402e-16,2.252691799458896e-16,6.141768137905151e-16,0.0,0.033628322184085846,633.11474609375,pf_fs_cognitive,5.0,0.0,20.0,0.0,pf,budget_dual,0.0,130.71324059402417,2.268969941238082,1.4749696410010456,0.9078844247489058,6.0,2.0,2.0,2.0,0.5,32,8
583.3285522460938,587.0319213867188,3.472193717956543,0.0,3.6150476932525635,0.6527187824249268,-11.77120304107666,-120.0,0.761904776096344,0.7217261791229248,0.07943267375230789,0.0,1.123585811816156,1.799311432270842e-15,6.967543205161329e-16,1.7893113612955577e-15,0.0,0.0811326652765274,587.0319213867188,du_pf_soft,5.0,0.0,8.0,0.0,pf,budget_dual,1.0,122.80051685415206,2.1733859489472187,1.3400063043918644,0.8967628208776007,6.0,,,,,32,8
582.7451782226562,580.3849487304688,3.468721389770508,0.0,3.536767840385437,0.6568669080734253,-11.380152702331543,-120.0,0.773809552192688,0.7440476417541504,0.07943267375230789,0.0,1.1240764711983502,6.427153654867622e-16,2.587972850970566e-16,6.327153474510372e-16,0.0,0.07604355365037918,580.3849487304688,du_pf_cognitive,5.0,0.0,8.0,0.0,pf,budget_dual,1.0,122.76710625244746,2.1745395865267603,1.3387115230273365,0.8954162035513474,6.0,2.0,2.0,2.0,0.5,32,8
608.5516357421875,611.1571044921875,3.622331142425537,0.0,3.8841004371643066,0.571751594543457,-24.52754783630371,-120.0,0.6785714030265808,0.6547619104385376,0.0794326663017273,0.0,2.6900200229138136,2.9522306349100092e-15,7.467270938822093e-16,2.942230563934725e-15,0.0,0.029836010187864304,611.1571044921875,pf_fs_soft,5.0,1.0,20.0,0.0,pf,budget_dual,0.0,128.84592829331626,2.25934849519439,1.3676776988518073,0.898556372706371,6.0,,,,,32,8
604.065185546875,603.528564453125,3.59562611579895,0.0,3.798721194267273,0.583132266998291,-25.50930404663086,-120.0,0.6845238208770752,0.6502976417541504,0.07943267375230789,0.0,2.688594822306186,7.991139111479604e-16,2.72109731352138e-16,7.8911389311223535e-16,0.0,0.032408133149147034,603.528564453125,pf_fs_cognitive,5.0,1.0,20.0,0.0,pf,budget_dual,0.0,128.64841962803027,2.2511630198398813,1.375144280467146,0.9037808752812689,6.0,2.0,2.0,2.0,0.5,32,8
574.4622802734375,562.2656860351562,3.4194183349609375,0.0,3.8313803672790527,0.593410849571228,-13.677510261535645,-120.0,0.6845238208770752,0.6711309552192688,0.07943267375230789,0.0,1.1289982390590012,1.962403814616395e-15,6.725257900928709e-16,1.9524037436411106e-15,0.0,0.07947110384702682,562.2656860351562,du_pf_soft,5.0,1.0,8.0,0.0,pf,budget_dual,1.0,120.7842369262642,2.1644176543665306,1.2375867713543864,0.8898700195920699,6.0,,,,,32,8
573.1134643554688,561.163330078125,3.4113895893096924,0.0,3.826956629753113,0.5944194197654724,-13.798650741577148,-120.0,0.6904761791229248,0.6696428656578064,0.0794326588511467,0.0,1.1393873374909163,6.294180070060538e-16,2.5688574349334045e-16,6.194179889703287e-16,0.0,0.08296385407447815,561.163330078125,du_pf_cognitive,5.0,1.0,8.0,0.0,pf,budget_dual,1.0,120.6110230564669,2.1592979666946324,1.2226394912644003,0.8915321303113897,6.0,2.0,2.0,2.0,0.5,32,8
632.3018188476562,628.8012084960938,3.7637012004852295,0.0,3.8049837350845337,0.6162509322166443,-18.563003540039062,-120.0,0.738095223903656,0.7098214030265808,0.0794326588511467,0.0,2.720940706320107,3.1910365395535455e-15,8.068430867916559e-16,3.181036468578261e-15,0.0,0.033927228301763535,628.8011474609375,pf_fs_soft,5.0,2.0,20.0,0.0,pf,budget_dual,0.0,132.4648878325446,2.2911745049130583,1.4002248916251943,0.9153326750147951,6.0,,,,,32,8
630.0098876953125,631.4697875976562,3.750058889389038,0.0,3.8984755277633667,0.6064438223838806,-19.05352210998535,-120.0,0.7321428656578064,0.6919642686843872,0.0794326663017273,0.0,2.703433342743665,7.830830714673439e-16,2.5756273457643345e-16,7.730830534316189e-16,0.0,0.03395196050405502,631.4697265625,pf_fs_cognitive,5.0,2.0,20.0,0.0,pf,budget_dual,0.0,132.4681280899423,2.2917773903873333,1.3946020475349437,0.9144185892941723,6.0,2.0,2.0,2.0,0.5,32,8
599.9642333984375,575.5308837890625,3.5712156295776367,0.0,3.7282063961029053,0.6392344832420349,-7.4178147315979,-120.0,0.7678571343421936,0.730654776096344,0.07943267375230789,0.0,1.1251007718965411,3.656818686699264e-15,9.01988868388633e-16,3.64681861572398e-15,0.0,0.07846210896968842,575.5308837890625,du_pf_soft,5.0,2.0,8.0,0.0,pf,budget_dual,1.0,124.31747561406937,2.1932842572077496,1.320732521505733,0.9064293076346313,6.0,,,,,32,8
600.79736328125,572.2124633789062,3.576174736022949,0.0,3.700312852859497,0.6466410160064697,-8.3319091796875,-120.0,0.7559523582458496,0.7395833134651184,0.0794326663017273,0.0,1.1245892024599016,7.827726868317344e-16,2.936830517137742e-16,7.727726687960094e-16,0.0,0.07353371381759644,572.2124633789062,du_pf_cognitive,5.0,2.0,8.0,0.0,pf,budget_dual,1.0,124.27314011925631,2.1948011283037276,1.2534268362768135,0.9048131933199296,6.0,2.0,2.0,2.0,0.5,32,8
629.302490234375,623.8670043945312,3.7458481788635254,0.0,4.049304962158203,0.6133890748023987,-20.918283462524414,-120.0,0.7321428656578064,0.7023809552192688,0.0794326588511467,0.0,2.703459653072059,3.3428779950189563e-15,8.524326234743689e-16,3.332877924043672e-15,0.0,0.031637147068977356,623.8670043945312,pf_fs_soft,5.0,3.0,20.0,0.0,pf,budget_dual,0.0,131.15654828625094,2.2798216270745932,1.4377152466356038,0.9139680405832864,6.0,,,,,32,8
627.798828125,636.5068359375,3.7368977069854736,0.0,3.9659059047698975,0.6083294153213501,-21.973007202148438,-120.0,0.7083333134651184,0.694940447807312,0.07943267375230789,0.0,2.7062360267154872,7.171829023193345e-16,2.6608150374564756e-16,7.071828842836094e-16,0.0,0.033128928393125534,636.5068359375,pf_fs_cognitive,5.0,3.0,20.0,0.0,pf,budget_dual,0.0,131.01188371615575,2.275293721015802,1.4737271594200079,0.9147028192074524,6.0,2.0,2.0,2.0,0.5,32,8
592.3782348632812,573.85302734375,3.5260608196258545,0.0,4.050840854644775,0.6399037837982178,-11.57121467590332,-120.0,0.7202380895614624,0.711309552192688,0.0794326663017273,0.0,1.1321290084160864,3.140915694240377e-15,8.251043230410706e-16,3.130915623265093e-15,0.0,0.07801463454961777,573.8530883789062,du_pf_soft,5.0,3.0,8.0,0.0,pf,budget_dual,1.0,123.07020963592427,2.1777514210387743,1.325810786742217,0.9109442591591925,6.0,,,,,32,8
591.647216796875,572.5018310546875,3.521709680557251,0.0,3.990086793899536,0.6478486061096191,-10.97486400604248,-120.0,0.7321428656578064,0.7336309552192688,0.07943267375230789,0.0,1.1323934844695032,8.691438953094266e-16,3.027177168874254e-16,8.591438772737015e-16,0.0,0.07495640963315964,572.5018310546875,du_pf_cognitive,5.0,3.0,8.0,0.0,pf,budget_dual,1.0,123.3379097431949,2.1808977063683974,1.2950563301101077,0.9088578269449401,6.0,2.0,2.0,2.0,0.5,32,8
709.7813720703125,710.0831298828125,8.44977855682373,1.3966475248336805,8.817124366760254,0.9094786047935486,18.76677703857422,-120.0,0.9404761791229248,0.9404761791229248,0.07943267375230789,0.0,2.7436079434119165,1.4245613982742005e-15,4.3756483269471796e-16,1.4145614331780346e-15,0.0,0.03491447865962982,710.0830078125,pf_fs_soft,5.0,0.0,20.0,0.0,pf,budget_dual,0.0,125.65891855954065,4.4917773468904745,3.671190954850244,0.9873161014256414,6.0,,,,,64,4
708.9356689453125,708.7390747070312,8.43971061706543,5.698748135566712,8.700002670288086,0.9249875545501709,18.9539852142334,-120.0,0.9642857313156128,0.9464285969734192,0.07943267375230789,0.0,2.7338114348240197,2.3934265883429943e-16,1.519675177907639e-16,2.2934266726835396e-16,0.0,0.030358480289578438,708.739013671875,pf_fs_cognitive,5.0,0.0,20.0,0.0,pf,budget_dual,0.0,125.68704357915125,4.4948490406367005,3.739337594693994,0.9868211252787296,6.0,2.0,2.0,2.0,0.5,64,4
704.4600830078125,704.4430541992188,8.386429786682129,5.161447811126709,8.532177925109863,0.9396962523460388,23.26498031616211,11.679194211959839,0.988095223903656,0.976190447807312,0.07943267375230789,0.0,1.1414072033949196,7.882730011538486e-16,3.6023379510483414e-16,7.782729831181236e-16,0.0,0.07416948676109314,704.443115234375,du_pf_soft,5.0,0.0,8.0,0.0,pf,budget_dual,1.0,124.53524058443696,4.430415206212298,3.707147193113803,0.9881383124896844,6.0,,,,,64,4
710.162353515625,709.814453125,8.454313278198242,5.2436935186386116,8.563316345214844,0.9317941665649414,22.449796676635742,11.553405046463013,0.9642857313156128,0.9583333134651184,0.07943267375230789,0.0,1.1381045710295439,1.9900606314843299e-16,1.421679553959625e-16,1.8900605834759772e-16,0.0,0.08331198245286942,709.814453125,du_pf_cognitive,5.0,0.0,8.0,0.0,pf,budget_dual,1.0,124.85401584911439,4.443801988886266,3.791504936404013,0.9894699038400697,6.0,2.0,2.0,2.0,0.5,64,4
704.46142578125,702.330322265625,8.386445999145508,4.753437113761902,8.574860095977783,0.9311670064926147,22.669437408447266,7.759272217750549,0.988095223903656,0.976190447807312,0.07943267375230789,0.0,2.7296991464681923,1.2960521006156198e-15,4.869775055244224e-16,1.286052135519454e-15,0.0,0.03259729593992233,702.330322265625,pf_fs_soft,5.0,1.0,20.0,0.0,pf,budget_dual,0.0,125.8532093961209,4.49833095558614,3.9403175112553597,0.9887246502225968,6.0,,,,,64,4
701.01171875,696.244384765625,8.345377922058105,5.226778125762939,8.407955646514893,0.9383209347724915,22.388498306274414,9.993810176849365,0.988095223903656,0.9732142686843872,0.07943267375230789,0.0,2.736495988443494,4.4000563754157003e-16,1.9059465540528336e-16,4.3000564597562457e-16,0.0,0.02593202516436577,696.244384765625,pf_fs_cognitive,5.0,1.0,20.0,0.0,pf,budget_dual,0.0,125.90426571898547,4.501905728995801,3.8484662350032806,0.9887311586636661,6.0,2.0,2.0,2.0,0.5,64,4
691.19482421875,688.1466064453125,8.228509902954102,5.054791522026062,8.513994216918945,0.9406358003616333,23.29098892211914,11.546304941177368,0.988095223903656,0.988095223903656,0.07943267375230789,0.0,1.1450186125002801,1.0629789149591007e-15,4.617820869918696e-16,1.0529789498629348e-15,0.0,0.06546569615602493,688.1466064453125,du_pf_soft,5.0,1.0,8.0,0.0,pf,budget_dual,1.0,124.29292049503833,4.412472097159091,3.8821198610832215,0.9901320189236823,6.0,,,,,64,4
684.111083984375,681.719970703125,8.144179344177246,4.947742819786072,8.283052444458008,0.9402790665626526,22.98586082458496,11.850394487380981,0.988095223903656,0.9821428656578064,0.07943267375230789,0.0,1.1488124476745725,3.3510518629599603e-16,1.6385144298030095e-16,3.2510519473005056e-16,0.0,0.07026421278715134,681.7199096679688,du_pf_cognitive,5.0,1.0,8.0,0.0,pf,budget_dual,1.0,124.4116814383389,4.419147872077687,3.842848017428017,0.9901588650702194,6.0,2.0,2.0,2.0,0.5,64,4
700.6192016601562,696.6204223632812,8.340704917907715,4.647039985656739,8.330809593200684,0.9316104054450989,22.170658111572266,7.773960113525391,0.988095223903656,0.9732142686843872,0.07943267375230789,0.0,2.726144216954708,1.4121607300472791e-15,4.2600243591800274e-16,1.4021607649511133e-15,0.0,0.037480175495147705,696.6204223632812,pf_fs_soft,5.0,2.0,20.0,0.0,pf,budget_dual,0.0,125.21368244257124,4.465598157451606,3.8321834424559587,0.9882089130359543,6.0,,,,,64,4
707.9483032226562,704.4017333984375,8.427955627441406,4.876076650619507,8.660515785217285,0.9345186352729797,21.70620346069336,8.819043397903442,0.988095223903656,0.9672619104385376,0.07943267375230789,0.0,2.7326377513818443,3.445372422708075e-16,1.67932791827307e-16,3.34537250704862e-16,0.0,0.03770937770605087,704.4016723632812,pf_fs_cognitive,5.0,2.0,20.0,0.0,pf,budget_dual,0.0,123.73588093205795,4.38729992924434,3.6776781900297157,0.9885901834733343,6.0,2.0,2.0,2.0,0.5,64,4
692.142822265625,691.546142578125,8.239795684814453,4.030334198474884,8.28968095779419,0.9318763017654419,22.73445701599121,11.44552493095398,0.988095223903656,0.9791666865348816,0.0794326663017273,0.0,1.1438471782021224,1.0001707866454839e-15,4.0762557967128786e-16,9.90170821549318e-16,0.0,0.06703047454357147,691.546142578125,du_pf_soft,5.0,2.0,8.0,0.0,pf,budget_dual,1.0,124.21383269279376,4.409113467975476,3.8136950069759963,0.9896523707674066,6.0,,,,,64,4
695.0433349609375,691.8558349609375,8.274325370788574,5.068837833404541,8.492840766906738,0.9365182518959045,22.90006446838379,11.296860456466675,0.976190447807312,0.9732142686843872,0.0794326663017273,0.0,1.1447319090366364,3.3958241716672505e-16,1.3548573894485292e-16,3.295824256007796e-16,0.0,0.07122037559747696,691.8558349609375,du_pf_cognitive,5.0,2.0,8.0,0.0,pf,budget_dual,1.0,124.3654565914238,4.418469333308256,3.7180056273597235,0.9893848233529196,6.0,2.0,2.0,2.0,0.5,64,4
701.3585205078125,700.2510375976562,8.349506378173828,2.8283625841140747,8.71863079071045,0.9114464521408081,20.678237915039062,4.554767966270447,0.988095223903656,0.9583333134651184,0.07943267375230789,0.0,2.7424989948049188,1.030668207911375e-15,4.2501050739720875e-16,1.020668242815209e-15,0.0,0.03094599023461342,700.2510986328125,pf_fs_soft,5.0,3.0,20.0,0.0,pf,budget_dual,0.0,126.92920160586498,4.556693775230871,3.915332557038974,0.9888076034974431,6.0,,,,,64,4
602.481201171875,598.404296875,7.1723952293396,1.944413131475449,7.274532794952393,0.8451962471008301,16.949644088745117,3.0109899640083313,0.976190447807312,0.9553571343421936,0.07943267375230789,0.0,2.739917357917875,3.934277722280889e-16,1.2650442361198896e-16,3.834277806621434e-16,0.0,0.3576451241970062,598.404296875,pf_fs_cognitive,5.0,3.0,20.0,0.0,pf,budget_dual,0.0,124.62380537879694,4.440256805644503,3.7055829639217013,0.9855588408924574,6.0,2.0,2.0,2.0,0.5,64,4
689.259521484375,687.8062133789062,8.205470085144043,4.384873151779175,8.688721656799316,0.9222304224967957,22.91339683532715,7.984667539596558,0.976190447807312,0.9791666865348816,0.07943267375230789,0.0,1.143636364955455,8.79395693888723e-16,4.259704074846847e-16,8.693956758529979e-16,0.0,0.0789259597659111,687.8062744140625,du_pf_soft,5.0,3.0,8.0,0.0,pf,budget_dual,1.0,125.31941875357155,4.466720820417693,3.9318929210585116,0.9904545384795677,6.0,,,,,64,4
692.7713623046875,692.5810546875,8.247278213500977,3.697651708126068,8.704758644104004,0.9295942783355713,23.135162353515625,8.387799263000488,0.988095223903656,0.976190447807312,0.07943267375230789,0.0,1.1481007589027286,2.6499126646341287e-16,1.4480847472990937e-16,2.549912748974674e-16,0.0,0.08290721476078033,692.5810546875,du_pf_cognitive,5.0,3.0,8.0,0.0,pf,budget_dual,1.0,125.78720846400321,4.48963468793158,3.9573617932601453,0.991118388749298,6.0,2.0,2.0,2.0,0.5,64,4
803.400390625,812.2345581054688,6.376193523406982,0.0,6.507795810699463,0.8250771760940552,9.358580589294434,-120.0,0.9285714030265808,0.898809552192688,0.0794326663017273,0.0,2.74340598564595,4.737003381915942e-15,1.0125617139935118e-15,4.727003310940657e-15,0.0,0.036888159811496735,812.234619140625,pf_fs_soft,5.0,0.0,20.0,0.0,pf,budget_dual,0.0,155.38647027996018,3.457260887010203,2.7435241478548047,0.986113492878933,6.0,,,,,64,6
800.5691528320312,813.34716796875,6.353723526000977,0.0,6.746697902679443,0.848483681678772,9.927045822143555,-120.0,0.9285714030265808,0.9186508059501648,0.07943267375230789,0.0,2.7314161201938987,1.1513204279512248e-15,3.3126315072636893e-16,1.1413204628550589e-15,0.0,0.03208267688751221,813.3470458984375,pf_fs_cognitive,5.0,0.0,20.0,0.0,pf,budget_dual,0.0,155.43089075361019,3.453164468448488,2.8092415808413027,0.9890023064196333,6.0,2.0,2.0,2.0,0.5,64,6
757.85205078125,763.319580078125,6.0146989822387695,0.14605947025120258,6.331816673278809,0.861553430557251,11.64905834197998,-57.94139595031738,0.9285714030265808,0.9265872836112976,0.07943268120288849,0.0,1.1430475511588156,3.047743552350062e-15,9.538140498707953e-16,3.0377434813747776e-15,0.0,0.0729667991399765,763.319580078125,du_pf_soft,5.0,0.0,8.0,0.0,pf,budget_dual,1.0,148.4342233721992,3.2707316183382398,2.6890799491071533,0.9862019246285102,6.0,,,,,64,6
756.3848266601562,766.08984375,6.003054141998291,0.2749463990330696,6.209559440612793,0.8694014549255371,12.480182647705078,-39.6804667472839,0.9285714030265808,0.9305555820465088,0.0794326588511467,0.0,1.1451332126744092,1.6477821084464944e-15,4.4073726224976093e-16,1.6377821433503285e-15,0.0,0.07339082658290863,766.08984375,du_pf_cognitive,5.0,0.0,8.0,0.0,pf,budget_dual,1.0,148.88213747675178,3.279415250644222,2.6654590027441976,0.9879245903665614,6.0,2.0,2.0,2.0,0.5,64,6
779.061279296875,789.6861572265625,6.18302583694458,0.0041799152004387,6.490433692932129,0.8207694888114929,7.785877227783203,-120.0,0.9047619104385376,0.8849206566810608,0.0794326663017273,0.0,2.740601859521121,4.098249907160843e-15,9.870195413481768e-16,4.088249836185559e-15,0.0,0.04064071550965309,789.6862182617188,pf_fs_soft,5.0,1.0,20.0,0.0,pf,budget_dual,0.0,153.41589577938723,3.403450394181204,2.815733192728333,0.9867990382825041,6.0,,,,,64,6
779.169189453125,791.9948120117188,6.183882236480713,0.01791389052868908,6.394856214523315,0.8251532912254333,8.160894393920898,-120.0,0.9126983880996704,0.8908730149269104,0.07943267375230789,0.0,2.7368370834738016,9.929506778030882e-16,3.1645529427268965e-16,9.829507127069224e-16,0.0,0.04063243046402931,791.9948120117188,pf_fs_cognitive,5.0,1.0,20.0,0.0,pf,budget_dual,0.0,153.42797375052174,3.402659198832719,2.7724756439707274,0.9875040513303279,6.0,2.0,2.0,2.0,0.5,64,6
732.423583984375,734.6375732421875,5.812885761260986,1.0651273429393768,6.025809049606323,0.8596878051757812,12.41614055633545,-18.597819089889512,0.9444444179534912,0.9226190447807312,0.0794326663017273,0.0,1.1464575659483671,3.2038697239791586e-15,9.616215760621118e-16,3.1938696530038743e-15,0.0,0.08880192786455154,734.6375122070312,du_pf_soft,5.0,1.0,8.0,0.0,pf,budget_dual,1.0,146.5948982060071,3.223864433463091,2.6721438591507525,0.9864047316367992,6.0,,,,,64,6
728.6273193359375,731.7747192382812,5.782756328582764,1.1341779828071594,6.003302097320557,0.8613304495811462,12.950182914733887,-11.798149776458734,0.9523809552192688,0.9384920597076416,0.07943267375230789,0.0,1.1404879540205002,1.101844174710917e-15,3.3599645024496476e-16,1.0918442096147511e-15,0.0,0.07859668880701065,731.774658203125,du_pf_cognitive,5.0,1.0,8.0,0.0,pf,budget_dual,1.0,146.58329498145795,3.2239191949500783,2.7271192287437622,0.986437218252262,6.0,2.0,2.0,2.0,0.5,64,6
786.3507080078125,796.3486328125,6.240878582000732,0.0,6.305240869522095,0.807794988155365,4.823154926300049,-120.0,0.89682537317276,0.8690476417541504,0.07943267375230789,0.0,2.725640129763633,3.993268643678145e-15,8.620454945136395e-16,3.983268572702861e-15,0.0,0.035808853805065155,796.3486328125,pf_fs_soft,5.0,2.0,20.0,0.0,pf,budget_dual,0.0,153.85115760682072,3.4161260591478384,2.580913321149766,0.9861323808771556,6.0,,,,,64,6
786.8615112304688,794.8181762695312,6.244932651519775,0.02033359929919243,6.297907829284668,0.813812255859375,6.528364658355713,-120.0,0.920634925365448,0.8849206566810608,0.07943267375230789,0.0,2.729632775299251,1.332216384056879e-15,3.327757133421487e-16,1.3222164189607131e-15,0.0,0.03711506351828575,794.8182373046875,pf_fs_cognitive,5.0,2.0,20.0,0.0,pf,budget_dual,0.0,153.63194395853097,3.4103116121691657,2.6195711466464098,0.9859051353649844,6.0,2.0,2.0,2.0,0.5,64,6
738.4306640625,744.2431640625,5.860560894012451,0.39228248596191406,5.9982545375823975,0.8444821834564209,11.285971641540527,-50.31141910552979,0.920634925365448,0.9007936716079712,0.07943267375230789,0.0,1.1318448288366199,4.016510804234329e-15,8.846727091501173e-16,4.006510733259045e-15,0.0,0.08985532075166702,744.2431640625,du_pf_soft,5.0,2.0,8.0,0.0,pf,budget_dual,1.0,147.26542936336182,3.2412656386933643,2.5268862508057945,0.9862746383194704,6.0,,,,,64,6
739.0550537109375,747.6629028320312,5.865516185760498,0.019135834474582225,6.143090724945068,0.8460166454315186,10.88563060760498,-57.32407455444336,0.920634925365448,0.898809552192688,0.0794326663017273,0.0,1.1319670975208282,1.1772719292683204e-15,3.1645190614090063e-16,1.1672719641721545e-15,0.0,0.08484449237585068,747.6629028320312,du_pf_cognitive,5.0,2.0,8.0,0.0,pf,budget_dual,1.0,147.15584575629697,3.2353327803843364,2.614405768042087,0.9879969616752357,6.0,2.0,2.0,2.0,0.5,64,6
790.062744140625,798.6057739257812,6.270339012145996,0.0,6.596079349517822,0.8071014285087585,4.2107462882995605,-120.0,0.89682537317276,0.8650793433189392,0.07943267375230789,0.0,2.721480500418693,5.352572717871743e-15,1.1097652033171656e-15,5.3425726468964586e-15,0.0,0.034011296927928925,798.6057739257812,pf_fs_soft,5.0,3.0,20.0,0.0,pf,budget_dual,0.0,154.62798100029275,3.4363390688971647,2.661521377391338,0.9867037654588035,6.0,,,,,64,6
785.089111328125,794.8296508789062,6.230865955352783,0.0,6.476229906082153,0.8148480653762817,5.630707263946533,-120.0,0.9126983880996704,0.8769841194152832,0.07943267375230789,0.0,2.7121187881566584,1.2040868747960234e-15,3.2426086170031564e-16,1.1940869096998576e-15,0.0,0.033883266150951385,794.8296508789062,pf_fs_cognitive,5.0,3.0,20.0,0.0,pf,budget_dual,0.0,154.70945709526802,3.4377757486771303,2.6657692147572036,0.9870164147300401,6.0,2.0,2.0,2.0,0.5,64,6
737.560302734375,741.8450317382812,5.853653430938721,0.007464597467333078,6.098692178726196,0.8369539976119995,9.208732604980469,-120.0,0.9047619104385376,0.8908730149269104,0.07943267375230789,0.0,1.1456595589406788,3.761200250855306e-15,8.907810343096825e-16,3.751200179880022e-15,0.0,0.08387632668018341,741.8450317382812,du_pf_soft,5.0,3.0,8.0,0.0,pf,budget_dual,1.0,147.8029208472997,3.2545496523427557,2.513942083911538,0.986785225803035,6.0,,,,,64,6
735.2236328125,740.8378295898438,5.835108280181885,0.0002167390484828502,6.302318334579468,0.8406829237937927,8.958505630493164,-120.0,0.9047619104385376,0.8908730149269104,0.0794326663017273,0.0,1.145172637887299,1.175053444100343e-15,3.0515230133607105e-16,1.1650534790041771e-15,0.0,0.08459669351577759,740.837890625,du_pf_cognitive,5.0,3.0,8.0,0.0,pf,budget_dual,1.0,147.88682259846303,3.2565256482296903,2.527016413913575,0.9868874523590465,6.0,2.0,2.0,2.0,0.5,64,6
895.35986328125,890.76318359375,5.329523086547852,0.0,5.6961517333984375,0.7767696380615234,-0.48769479990005493,-120.0,0.8690476417541504,0.8333333134651184,0.07943267375230789,0.0,2.7193202595226467,3.483392502397209e-15,8.267727661889247e-16,3.4733924314219247e-15,0.0,0.03647950291633606,890.76318359375,pf_fs_soft,5.0,0.0,20.0,0.0,pf,budget_dual,0.0,185.04429218592162,3.0573406012900826,2.180110187112379,0.9669362350432731,6.0,,,,,64,8
893.708740234375,892.8480834960938,5.319694995880127,0.0,5.516744613647461,0.7730724811553955,0.10741231590509415,-120.0,0.875,0.8377976417541504,0.07943267375230789,0.0,2.7052688258700073,7.257016714885486e-16,2.897132465180097e-16,7.157016534528235e-16,0.0,0.03670750930905342,892.8480834960938,pf_fs_cognitive,5.0,0.0,20.0,0.0,pf,budget_dual,0.0,185.03724466335711,3.0569881065767004,2.1814277391225763,0.9668975182170705,6.0,2.0,2.0,2.0,0.5,64,8
835.5653076171875,826.8584594726562,4.973603248596191,0.0,5.235155820846558,0.8037129640579224,4.563414573669434,-120.0,0.8809523582458496,0.8705357313156128,0.07943267375230789,0.0,1.1361078033223748,2.596225863552579e-15,9.75119257834846e-16,2.5862257925772947e-15,0.0,0.07554598897695541,826.8585205078125,du_pf_soft,5.0,0.0,8.0,0.0,pf,budget_dual,1.0,175.458368596522,2.8958255200680876,2.0351584882269376,0.960951682793573,6.0,,,,,64,8
835.0805053710938,819.996337890625,4.970717430114746,1.0211430790718614e-06,5.280972003936768,0.7947889566421509,4.685500144958496,-120.0,0.8809523582458496,0.863095223903656,0.07943267375230789,0.0,1.1473146034404635,9.626034990062164e-16,3.1113764789960675e-16,9.526035339100505e-16,0.0,0.0791838988661766,819.996337890625,du_pf_cognitive,5.0,0.0,8.0,0.0,pf,budget_dual,1.0,175.13243154487648,2.892948664314821,2.0435424931748476,0.9592799619968163,6.0,2.0,2.0,2.0,0.5,64,8
912.618408203125,908.2108764648438,5.432252407073975,0.0,5.698037385940552,0.745487630367279,-0.8172070384025574,-120.0,0.8690476417541504,0.8407738208770752,0.0794326588511467,0.0,2.7356759244576097,3.1416987762001138e-15,7.522633012254634e-16,3.1316987052248295e-15,0.0,0.03497401997447014,908.2108764648438,pf_fs_soft,5.0,1.0,20.0,0.0,pf,budget_dual,0.0,183.3335935077306,3.026631235897342,2.2758422081007526,0.9665065294710868,6.0,,,,,64,8
908.478759765625,907.7742309570312,5.407611846923828,0.0,5.683987617492676,0.7464439868927002,-1.7584582567214966,-120.0,0.8690476417541504,0.8333333134651184,0.0794326663017273,0.0,2.7217725086957216,7.372113139945177e-16,2.333054315027444e-16,7.272112959587926e-16,0.0,0.0331607311964035,907.774169921875,pf_fs_cognitive,5.0,1.0,20.0,0.0,pf,budget_dual,0.0,183.2089279969723,3.0242112671235923,2.252631604879689,0.9667872515934679,6.0,2.0,2.0,2.0,0.5,64,8
843.8392944335938,829.5087280273438,5.022852897644043,3.3837375212897297e-06,5.3850624561309814,0.7842187285423279,5.617961883544922,-120.0,0.8928571343421936,0.8735119104385376,0.07943267375230789,0.0,1.1326919961720705,2.6853278003731006e-15,7.419966266300308e-16,2.6753277293978164e-15,0.0,0.07666868716478348,829.5086669921875,du_pf_soft,5.0,1.0,8.0,0.0,pf,budget_dual,1.0,173.44304171560367,2.8601936599811792,2.113996545777723,0.9610841865058458,6.0,,,,,64,8
841.254150390625,828.1503295898438,5.007465362548828,1.1952770137213516e-06,5.266993761062622,0.7892885208129883,5.981818675994873,-120.0,0.9047619104385376,0.8764880895614624,0.07943267375230789,0.0,1.1319152107462287,5.570143188890259e-16,2.5563790514335726e-16,5.470143008533008e-16,0.0,0.07765304297208786,828.1502685546875,du_pf_cognitive,5.0,1.0,8.0,0.0,pf,budget_dual,1.0,173.5678587057614,2.8605694113966242,2.1473453580789355,0.9622411200974014,6.0,2.0,2.0,2.0,0.5,64,8
920.4920654296875,927.2155151367188,5.479119300842285,0.0,5.548045635223389,0.7949668169021606,2.446540117263794,-120.0,0.8809523582458496,0.8660714030265808,0.07943267375230789,0.0,2.723091120366007,3.108874555428115e-15,8.5651828689545e-16,3.098874484452831e-15,0.0,0.03307391330599785,927.2155151367188,pf_fs_soft,5.0,2.0,20.0,0.0,pf,budget_dual,0.0,185.08784758365482,3.0532184018103625,2.217376013483047,0.9696684526512652,6.0,,,,,64,8
918.2684326171875,923.8271484375,5.465883731842041,0.0,5.747809886932373,0.7813237905502319,1.059699535369873,-120.0,0.8690476417541504,0.8497023582458496,0.0794326588511467,0.0,2.708359209820628,6.131591566439483e-16,2.4389516975821567e-16,6.031591386082232e-16,0.0,0.03369613736867905,923.8271484375,pf_fs_cognitive,5.0,2.0,20.0,0.0,pf,budget_dual,0.0,184.8696816832035,3.052300211465599,2.2413666022526493,0.9683117727949058,6.0,2.0,2.0,2.0,0.5,64,8
860.8167114257812,850.3176879882812,5.123908996582031,3.126372675978925e-05,5.51306414604187,0.8235936164855957,7.6869072914123535,-67.58123207092284,0.9047619104385376,0.8898809552192688,0.0794326588511467,0.0,1.1414203215390444,2.7799206282741983e-15,8.588081345892336e-16,2.769920557298914e-15,0.0,0.07535798847675323,850.3176879882812,du_pf_soft,5.0,2.0,8.0,0.0,pf,budget_dual,1.0,175.19192711337598,2.8908993299291907,2.1043722033910632,0.9604098205270047,6.0,,,,,64,8
867.8037719726562,859.6079711914062,5.165498733520508,0.0009658202005084597,5.461691379547119,0.8145065307617188,8.447996139526367,-56.91134395599365,0.886904776096344,0.8764880895614624,0.07943267375230789,0.0,1.147759205661714,8.344796542781956e-16,2.7703671024807946e-16,8.244796362424705e-16,0.0,0.0840938538312912,859.60791015625,du_pf_cognitive,5.0,2.0,8.0,0.0,pf,budget_dual,1.0,175.43590124335745,2.8945808635579864,2.1420305723072115,0.9606443196338375,6.0,2.0,2.0,2.0,0.5,64,8
897.8025512695312,903.9874877929688,5.344062805175781,0.0,5.533194541931152,0.7474959492683411,-2.7648017406463623,-120.0,0.863095223903656,0.8184523582458496,0.07943267375230789,0.0,2.7460668766871095,3.4305505637409863e-15,7.949376681410823e-16,3.420550492765702e-15,0.0,0.03305885195732117,903.987548828125,pf_fs_soft,5.0,3.0,20.0,0.0,pf,budget_dual,0.0,183.82014050321206,3.0343303654513676,2.2115749211263656,0.9682828126629808,6.0,,,,,64,8
901.2095336914062,908.2838745117188,5.36434268951416,0.0,5.556337594985962,0.7537517547607422,-1.9984880685806274,-120.0,0.8571428656578064,0.824404776096344,0.0794326663017273,0.0,2.742427622899413,8.272211642553775e-16,2.930419801216007e-16,8.172211462196524e-16,0.0,0.03722788766026497,908.2838134765625,pf_fs_cognitive,5.0,3.0,20.0,0.0,pf,budget_dual,0.0,183.82667123966013,3.0340483440197152,2.2193874799246087,0.9684764143256617,6.0,2.0,2.0,2.0,0.5,64,8
836.9639282226562,835.6473999023438,4.98192834854126,4.299565858900678e-08,5.297126054763794,0.7729685306549072,4.436238765716553,-120.0,0.863095223903656,0.851190447807312,0.0794326663017273,0.0,1.1449704989790916,3.3770996083956877e-15,8.208132541302803e-16,3.3670995374204035e-15,0.0,0.08187080174684525,835.6474609375,du_pf_soft,5.0,3.0,8.0,0.0,pf,budget_dual,1.0,174.3280199119023,2.8758756725017003,2.0822816053885003,0.9616957091031962,6.0,,,,,64,8
839.708984375,829.4956665039062,4.998267650604248,8.353928978976907e-06,5.401622295379639,0.7861143946647644,5.155837059020996,-120.0,0.8690476417541504,0.8586309552192688,0.0794326663017273,0.0,1.1476116189733148,9.785843637429448e-16,2.913007450798419e-16,9.68584398646779e-16,0.0,0.08881440758705139,829.4957275390625,du_pf_cognitive,5.0,3.0,8.0,0.0,pf,budget_dual,1.0,174.28171769909065,2.876592758346933,2.039227013197231,0.9610511045409716,6.0,2.0,2.0,2.0,0.5,64,8
