algorithm,num_bs_ant,num_ut_per_sector,sweep_value,iteration,batch_index,weighted_sum_rate,max_power_violation_watt,max_fs_violation_watt,w_delta,slot
du_pf_cognitive,16,4,5.0,1.0,7.5,133.1681842803955,0.0,4.309265313020335e-13,0.7055961824953556,6.0
du_pf_cognitive,16,4,5.0,2.0,7.5,251.91373348236084,0.0,9.57491954172167e-13,1.085812747478485,6.0
du_pf_cognitive,16,4,5.0,3.0,7.5,276.8174133300781,0.0,1.0026997000712676e-12,0.22954232525080442,6.0
du_pf_cognitive,16,4,5.0,4.0,7.5,289.711633682251,0.0,1.0118876206101314e-12,0.15411183331161737,6.0
du_pf_cognitive,16,4,5.0,5.0,7.5,297.9928855895996,0.0,1.0153912588940339e-12,0.11694798432290554,6.0
du_pf_cognitive,16,4,5.0,6.0,7.5,303.99346351623535,0.0,1.0197038034781688e-12,0.09370181011036038,6.0
du_pf_cognitive,16,4,5.0,7.0,7.5,308.6479835510254,0.0,1.0253665710962699e-12,0.0780921196565032,6.0
du_pf_cognitive,16,4,5.0,8.0,7.5,312.43869972229004,0.0,1.0327147191330384e-12,0.06698714545927942,6.0
du_pf_cognitive,16,4,5.0,9.0,7.5,315.6955280303955,0.0,1.0393394349642818e-12,0.05990341817960143,6.0
du_pf_cognitive,16,4,5.0,10.0,7.5,318.5273723602295,0.0,1.0450459569163063e-12,0.053842662600800395,6.0
du_pf_cognitive,16,4,5.0,11.0,7.5,321.0096492767334,0.0,1.0500530719053216e-12,0.04873882606625557,6.0
du_pf_cognitive,16,4,5.0,12.0,7.5,323.2244567871094,0.0,1.0548230651029507e-12,0.04484299756586552,6.0
du_pf_cognitive,16,6,5.0,1.0,7.5,144.4000425338745,0.0,6.665141952488492e-13,0.7069675363600254,6.0
du_pf_cognitive,16,6,5.0,2.0,7.5,277.283727645874,0.0,1.4625138631348036e-12,1.025654636323452,6.0
du_pf_cognitive,16,6,5.0,3.0,7.5,310.39071464538574,0.0,1.5553931298310786e-12,0.2495778165757656,6.0
du_pf_cognitive,16,6,5.0,4.0,7.5,328.5598678588867,0.0,1.5819172686191985e-12,0.1681288219988346,6.0
du_pf_cognitive,16,6,5.0,5.0,7.5,340.1370849609375,0.0,1.5969409598675082e-12,0.1263906010426581,6.0
du_pf_cognitive,16,6,5.0,6.0,7.5,348.16063499450684,0.0,1.6067313529188974e-12,0.10010278038680553,6.0
du_pf_cognitive,16,6,5.0,7.0,7.5,354.131383895874,0.0,1.6147633597818952e-12,0.08266770420596004,6.0
du_pf_cognitive,16,6,5.0,8.0,7.5,358.8928642272949,0.0,1.6222993238221902e-12,0.07037301640957594,6.0
du_pf_cognitive,16,6,5.0,9.0,7.5,362.9544620513916,0.0,1.6302171167625803e-12,0.062316276133060455,6.0
du_pf_cognitive,16,6,5.0,10.0,7.5,366.4441547393799,0.0,1.63699592821572e-12,0.05562490504235029,6.0
du_pf_cognitive,16,6,5.0,11.0,7.5,369.44679069519043,0.0,1.643111363793361e-12,0.049962031189352274,6.0
du_pf_cognitive,16,6,5.0,12.0,7.5,372.086633682251,0.0,1.6487529894690985e-12,0.04558068490587175,6.0
du_pf_cognitive,16,8,5.0,1.0,7.5,150.71902084350586,0.0,4.89616865693781e-13,0.7087452374398708,6.0
du_pf_cognitive,16,8,5.0,2.0,7.5,297.1195297241211,0.0,1.0958905766363103e-12,1.013706736266613,6.0
du_pf_cognitive,16,8,5.0,3.0,7.5,337.2311363220215,0.0,1.1637329114407274e-12,0.2633011881262064,6.0
du_pf_cognitive,16,8,5.0,4.0,7.5,359.39709091186523,0.0,1.1753686843523226e-12,0.178320680744946,6.0
du_pf_cognitive,16,8,5.0,5.0,7.5,373.5638084411621,0.0,1.1772346115377632e-12,0.13304117787629366,6.0
du_pf_cognitive,16,8,5.0,6.0,7.5,383.2547855377197,0.0,1.1797939520810782e-12,0.1045764908194542,6.0
du_pf_cognitive,16,8,5.0,7.0,7.5,390.3191680908203,0.0,1.1824506455091529e-12,0.08524399809539318,6.0
du_pf_cognitive,16,8,5.0,8.0,7.5,395.77001953125,0.0,1.1847516816611368e-12,0.0714949294924736,6.0
du_pf_cognitive,16,8,5.0,9.0,7.5,400.2170524597168,0.0,1.1877501562715604e-12,0.062427097000181675,6.0
du_pf_cognitive,16,8,5.0,10.0,7.5,403.9207077026367,0.0,1.1913552098102376e-12,0.0550187430344522,6.0
du_pf_cognitive,16,8,5.0,11.0,7.5,407.0664653778076,0.0,1.1957089845701131e-12,0.04887797078117728,6.0
du_pf_cognitive,16,8,5.0,12.0,7.5,409.81150245666504,0.0,1.200138648399865e-12,0.04418815579265356,6.0
du_pf_cognitive,32,4,5.0,1.0,7.5,185.61295986175537,0.0,3.3276552840623267e-13,0.735863521695137,6.0
du_pf_cognitive,32,4,5.0,2.0,7.5,399.1873207092285,0.0,1.1373943152197035e-12,1.6299958899617195,6.0
du_pf_cognitive,32,4,5.0,3.0,7.5,427.41665840148926,0.0,1.1527548096377312e-12,0.21887614950537682,6.0
du_pf_cognitive,32,4,5.0,4.0,7.5,440.0025329589844,0.0,1.1447309402202576e-12,0.14587348327040672,6.0
du_pf_cognitive,32,4,5.0,5.0,7.5,448.97925186157227,0.0,1.1433310776674506e-12,0.11206267075613141,6.0
du_pf_cognitive,32,4,5.0,6.0,7.5,456.24349784851074,0.0,1.146023701386115e-12,0.09429899416863918,6.0
du_pf_cognitive,32,4,5.0,7.0,7.5,462.3436737060547,0.0,1.1485390368737541e-12,0.08243346586823463,6.0
du_pf_cognitive,32,4,5.0,8.0,7.5,467.5261936187744,0.0,1.1502062992576798e-12,0.07293447852134705,6.0
du_pf_cognitive,32,4,5.0,9.0,7.5,472.05968284606934,0.0,1.1515889475598997e-12,0.06692421925254166,6.0
du_pf_cognitive,32,4,5.0,10.0,7.5,476.03320693969727,0.0,1.1538580344761461e-12,0.06151853431947529,6.0
du_pf_cognitive,32,4,5.0,11.0,7.5,479.51407623291016,0.0,1.1574953167714334e-12,0.05608151713386178,6.0
du_pf_cognitive,32,4,5.0,12.0,7.5,482.5936813354492,0.0,1.1627085224998122e-12,0.051482202019542456,6.0
du_pf_cognitive,32,6,5.0,1.0,7.5,212.85104751586914,0.0,2.1668781525363166e-13,0.7388585731387138,6.0
du_pf_cognitive,32,6,5.0,2.0,7.5,449.45372772216797,0.0,7.987352251636161e-13,1.4774200767278671,6.0
du_pf_cognitive,32,6,5.0,3.0,7.5,486.98683166503906,0.0,7.904938182035299e-13,0.22275025956332684,6.0
du_pf_cognitive,32,6,5.0,4.0,7.5,505.6428623199463,0.0,7.817556636893286e-13,0.15290321595966816,6.0
du_pf_cognitive,32,6,5.0,5.0,7.5,518.0720329284668,0.0,7.807778641016113e-13,0.11904383776709437,6.0
du_pf_cognitive,32,6,5.0,6.0,7.5,527.3144493103027,0.0,7.846607732461082e-13,0.09734701877459884,6.0
du_pf_cognitive,32,6,5.0,7.0,7.5,534.7058486938477,0.0,7.893930548428596e-13,0.08262530015781522,6.0
du_pf_cognitive,32,6,5.0,8.0,7.5,540.8763847351074,0.0,7.933362269934218e-13,0.07221905142068863,6.0
du_pf_cognitive,32,6,5.0,9.0,7.5,546.2993011474609,0.0,7.96545817789685e-13,0.0655575105920434,6.0
du_pf_cognitive,32,6,5.0,10.0,7.5,551.0808868408203,0.0,7.989892096869162e-13,0.059703833889216185,6.0
du_pf_cognitive,32,6,5.0,11.0,7.5,555.259880065918,0.0,8.011185200732397e-13,0.05424456368200481,6.0
du_pf_cognitive,32,6,5.0,12.0,7.5,558.9380950927734,0.0,8.030866367015688e-13,0.04970214469358325,6.0
du_pf_cognitive,32,8,5.0,1.0,7.5,220.94324588775635,0.0,3.582755785975925e-13,0.7423123903572559,6.0
du_pf_cognitive,32,8,5.0,2.0,7.5,470.6028995513916,0.0,1.2188550602498598e-12,1.4330532029271126,6.0
du_pf_cognitive,32,8,5.0,3.0,7.5,516.4478435516357,0.0,1.22217457389982e-12,0.2364482255652547,6.0
du_pf_cognitive,32,8,5.0,4.0,7.5,540.114580154419,0.0,1.2029405952728995e-12,0.16416765470057726,6.0
du_pf_cognitive,32,8,5.0,5.0,7.5,555.3860397338867,0.0,1.1888474146098948e-12,0.12651775311678648,6.0
du_pf_cognitive,32,8,5.0,6.0,7.5,566.3752670288086,0.0,1.1820175982208032e-12,0.10197281092405319,6.0
du_pf_cognitive,32,8,5.0,7.0,7.5,574.7980575561523,0.0,1.1800162211497343e-12,0.08512878511101007,6.0
du_pf_cognitive,32,8,5.0,8.0,7.5,581.5144195556641,0.0,1.1802529685525577e-12,0.07309012208133936,6.0
du_pf_cognitive,32,8,5.0,9.0,7.5,587.1687088012695,0.0,1.1825627426964255e-12,0.06512416270561516,6.0
du_pf_cognitive,32,8,5.0,10.0,7.5,592.0136795043945,0.0,1.1865271779150626e-12,0.05852677533403039,6.0
du_pf_cognitive,32,8,5.0,11.0,7.5,596.2452049255371,0.0,1.1906583846036517e-12,0.05284898285754025,6.0
du_pf_cognitive,32,8,5.0,12.0,7.5,600.0268821716309,0.0,1.1946039369167957e-12,0.04839861998334527,6.0
du_pf_cognitive,64,4,5.0,1.0,7.5,249.45861911773682,0.0,1.1779518150865107e-13,0.758345440030098,6.0
du_pf_cognitive,64,4,5.0,2.0,7.5,630.9174041748047,0.0,7.700820428045512e-13,2.330904334783554,6.0
du_pf_cognitive,64,4,5.0,3.0,7.5,676.2957801818848,0.0,4.860522486609727e-13,0.5019679274410009,6.0
du_pf_cognitive,64,4,5.0,4.0,7.5,696.0035400390625,0.0,5.992811846064678e-13,0.2681126268580556,6.0
du_pf_cognitive,64,4,5.0,5.0,7.5,710.5508575439453,0.0,5.884384640794313e-13,0.25542470533400774,6.0
du_pf_cognitive,64,4,5.0,6.0,7.5,719.8469619750977,0.0,6.215682901036346e-13,0.23457231000065804,6.0
du_pf_cognitive,64,4,5.0,7.0,7.5,725.5046615600586,0.0,5.979686096459083e-13,0.20772556867450476,6.0
du_pf_cognitive,64,4,5.0,8.0,7.5,729.6046485900879,0.0,6.609339625211286e-13,0.18214547634124756,6.0
du_pf_cognitive,64,4,5.0,9.0,7.5,732.6186332702637,0.0,6.557922116451472e-13,0.15059207286685705,6.0
du_pf_cognitive,64,4,5.0,10.0,7.5,734.4393272399902,0.0,6.75122087954224e-13,0.1411170312203467,6.0
du_pf_cognitive,64,4,5.0,11.0,7.5,735.973518371582,0.0,6.596257277573909e-13,0.14345396868884563,6.0
du_pf_cognitive,64,4,5.0,12.0,7.5,737.7322998046875,0.0,7.063851575477313e-13,0.12367027392610908,6.0
du_pf_cognitive,64,6,5.0,1.0,7.5,298.73354148864746,0.0,1.4290597446175134e-13,0.7663046941161156,6.0
du_pf_cognitive,64,6,5.0,2.0,7.5,714.799503326416,0.0,7.223568878811566e-13,1.9962527826428413,6.0
du_pf_cognitive,64,6,5.0,3.0,7.5,767.2919692993164,0.0,5.399144927122719e-13,0.35470413602888584,6.0
du_pf_cognitive,64,6,5.0,4.0,7.5,792.7334213256836,0.0,5.747781070880782e-13,0.19493970833718777,6.0
du_pf_cognitive,64,6,5.0,5.0,7.5,809.9907150268555,0.0,6.191095101588506e-13,0.1588214999064803,6.0
du_pf_cognitive,64,6,5.0,6.0,7.5,822.5515975952148,0.0,6.3178560216e-13,0.11369027756154537,6.0
du_pf_cognitive,64,6,5.0,7.0,7.5,832.5514259338379,0.0,6.41104591730089e-13,0.09491141466423869,6.0
du_pf_cognitive,64,6,5.0,8.0,7.5,840.7726554870605,0.0,6.487046414361403e-13,0.0843337713740766,6.0
du_pf_cognitive,64,6,5.0,9.0,7.5,847.7928466796875,0.0,6.567043178985744e-13,0.07741328701376915,6.0
du_pf_cognitive,64,6,5.0,10.0,7.5,853.7743034362793,0.0,6.657966973561526e-13,0.0705175856128335,6.0
du_pf_cognitive,64,6,5.0,11.0,7.5,858.9242744445801,0.0,6.759971111052203e-13,0.06441415846347809,6.0
du_pf_cognitive,64,6,5.0,12.0,7.5,863.399097442627,0.0,6.872463786478187e-13,0.059655268676579,6.0
du_pf_cognitive,64,8,5.0,1.0,7.5,334.5571575164795,0.0,1.227909936900182e-13,0.7737991362810135,6.0
du_pf_cognitive,64,8,5.0,2.0,7.5,772.8187484741211,0.0,5.686417370911459e-13,1.821457639336586,6.0
du_pf_cognitive,64,8,5.0,3.0,7.5,830.2015762329102,0.0,4.531309265729997e-13,0.28941402304917574,6.0
du_pf_cognitive,64,8,5.0,4.0,7.5,857.6275978088379,0.0,4.768815000210486e-13,0.17582477163523436,6.0
du_pf_cognitive,64,8,5.0,5.0,7.5,875.8119850158691,0.0,4.931027272972194e-13,0.13311327574774623,6.0
du_pf_cognitive,64,8,5.0,6.0,7.5,890.1845893859863,0.0,4.975701586320234e-13,0.10395529726520181,6.0
du_pf_cognitive,64,8,5.0,7.0,7.5,902.4168472290039,0.0,5.019292239596875e-13,0.09157099667936563,6.0
du_pf_cognitive,64,8,5.0,8.0,7.5,912.8002815246582,0.0,5.07723088561101e-13,0.08149632392451167,6.0
du_pf_cognitive,64,8,5.0,9.0,7.5,921.7287673950195,0.0,5.140269864284072e-13,0.074367331340909,6.0
du_pf_cognitive,64,8,5.0,10.0,7.5,929.351432800293,0.0,5.201957588237037e-13,0.06774592702277005,6.0
du_pf_cognitive,64,8,5.0,11.0,7.5,935.8980979919434,0.0,5.258108350987426e-13,0.061781898606568575,6.0
du_pf_cognitive,64,8,5.0,12.0,7.5,941.6225280761719,0.0,5.310703015315357e-13,0.056983092334121466,6.0
du_pf_soft,16,4,5.0,1.0,7.5,122.39901781082153,0.0,2.0972253813688994e-12,0.6564664952456951,6.0
du_pf_soft,16,4,5.0,2.0,7.5,249.2030782699585,0.0,4.88732934466685e-12,1.1439158841967583,6.0
du_pf_soft,16,4,5.0,3.0,7.5,275.86298751831055,0.0,4.920221843070661e-12,0.24629678018391132,6.0
du_pf_soft,16,4,5.0,4.0,7.5,289.3786315917969,0.0,4.843405671916667e-12,0.1614240910857916,6.0
du_pf_soft,16,4,5.0,5.0,7.5,298.00043296813965,0.0,4.8075701609257525e-12,0.12156121386215091,6.0
du_pf_soft,16,4,5.0,6.0,7.5,304.195348739624,0.0,4.795762006644996e-12,0.09685073141008615,6.0
du_pf_soft,16,4,5.0,7.0,7.5,308.9918098449707,0.0,4.795078329083817e-12,0.07998226303607225,6.0
du_pf_soft,16,4,5.0,8.0,7.5,312.91619300842285,0.0,4.800298410178629e-12,0.0685499138198793,6.0
du_pf_soft,16,4,5.0,9.0,7.5,316.29251289367676,0.0,4.8090207217885844e-12,0.061189292231574655,6.0
du_pf_soft,16,4,5.0,10.0,7.5,319.2350673675537,0.0,4.819978102624592e-12,0.05525039718486369,6.0
du_pf_soft,16,4,5.0,11.0,7.5,321.8218879699707,0.0,4.833213243147193e-12,0.05020440323278308,6.0
du_pf_soft,16,4,5.0,12.0,7.5,324.1064205169678,0.0,4.8483742045549345e-12,0.04584131157025695,6.0
du_pf_soft,16,6,5.0,1.0,7.5,130.8299880027771,0.0,3.1729950494851535e-12,0.6576803103089333,6.0
du_pf_soft,16,6,5.0,2.0,7.5,272.04429149627686,0.0,6.8355597739174975e-12,1.0899643898010254,6.0
du_pf_soft,16,6,5.0,3.0,7.5,307.12901878356934,0.0,6.990089307075745e-12,0.2659074254333973,6.0
du_pf_soft,16,6,5.0,4.0,7.5,326.1759719848633,0.0,6.955926543854123e-12,0.17685515992343426,6.0
du_pf_soft,16,6,5.0,5.0,7.5,338.32800674438477,0.0,6.9402787011320355e-12,0.13268986996263266,6.0
du_pf_soft,16,6,5.0,6.0,7.5,346.78185272216797,0.0,6.944660761710152e-12,0.10482614440843463,6.0
du_pf_soft,16,6,5.0,7.0,7.5,353.0694770812988,0.0,6.965818940001152e-12,0.08577597560361028,6.0
du_pf_soft,16,6,5.0,8.0,7.5,358.05942153930664,0.0,6.9935219453639424e-12,0.07312361104413867,6.0
du_pf_soft,16,6,5.0,9.0,7.5,362.24117279052734,0.0,7.028863005954095e-12,0.0645024327095598,6.0
du_pf_soft,16,6,5.0,10.0,7.5,365.8015651702881,0.0,7.0694566194941244e-12,0.057205451419577,6.0
du_pf_soft,16,6,5.0,11.0,7.5,368.8926239013672,0.0,7.104891571992414e-12,0.051347690634429455,6.0
du_pf_soft,16,6,5.0,12.0,7.5,371.5905113220215,0.0,7.1330305079437065e-12,0.046340747736394405,6.0
du_pf_soft,16,8,5.0,1.0,7.5,137.18229341506958,0.0,2.377051409440528e-12,0.6592749357223511,6.0
du_pf_soft,16,8,5.0,2.0,7.5,292.2453670501709,0.0,5.081617804770112e-12,1.0740897506475449,6.0
du_pf_soft,16,8,5.0,3.0,7.5,334.6832618713379,0.0,5.31456956486551e-12,0.2802201136946678,6.0
du_pf_soft,16,8,5.0,4.0,7.5,357.79370498657227,0.0,5.322250385092313e-12,0.1860439833253622,6.0
du_pf_soft,16,8,5.0,5.0,7.5,372.437068939209,0.0,5.304319531079359e-12,0.13823272474110126,6.0
du_pf_soft,16,8,5.0,6.0,7.5,382.4711799621582,0.0,5.298869531361345e-12,0.10821126541122794,6.0
du_pf_soft,16,8,5.0,7.0,7.5,389.7212162017822,0.0,5.296241865752373e-12,0.08768859645351768,6.0
du_pf_soft,16,8,5.0,8.0,7.5,395.2617931365967,0.0,5.295653021999969e-12,0.07354503683745861,6.0
du_pf_soft,16,8,5.0,9.0,7.5,399.78015327453613,0.0,5.293616341442691e-12,0.06406437768600881,6.0
du_pf_soft,16,8,5.0,10.0,7.5,403.5408058166504,0.0,5.2891330367104555e-12,0.05631400062702596,6.0
du_pf_soft,16,8,5.0,11.0,7.5,406.7453422546387,0.0,5.28335291775971e-12,0.050095970276743174,6.0
du_pf_soft,16,8,5.0,12.0,7.5,409.5272979736328,0.0,5.2760706909090946e-12,0.045065074460580945,6.0
du_pf_soft,32,4,5.0,1.0,7.5,168.20149326324463,0.0,1.504041670159393e-12,0.6846038289368153,6.0
du_pf_soft,32,4,5.0,2.0,7.5,394.1845054626465,0.0,5.026641405767246e-12,1.6804637759923935,6.0
du_pf_soft,32,4,5.0,3.0,7.5,423.7374801635742,0.0,5.079779143575243e-12,0.2554224180057645,6.0
du_pf_soft,32,4,5.0,4.0,7.5,437.4313430786133,0.0,5.094036781614188e-12,0.1631666850298643,6.0
du_pf_soft,32,4,5.0,5.0,7.5,446.9244804382324,0.0,5.099458802139889e-12,0.11706222221255302,6.0
du_pf_soft,32,4,5.0,6.0,7.5,454.5251274108887,0.0,5.1119243081978235e-12,0.09888894110918045,6.0
du_pf_soft,32,4,5.0,7.0,7.5,460.8037395477295,0.0,5.1337147423738405e-12,0.0856747911311686,6.0
du_pf_soft,32,4,5.0,8.0,7.5,466.13032722473145,0.0,5.165642565118419e-12,0.07557254424318671,6.0
du_pf_soft,32,4,5.0,9.0,7.5,470.77160453796387,0.0,5.202820467476669e-12,0.06828298256732523,6.0
du_pf_soft,32,4,5.0,10.0,7.5,474.80042266845703,0.0,5.2451986506875554e-12,0.06180808995850384,6.0
du_pf_soft,32,4,5.0,11.0,7.5,478.3143539428711,0.0,5.2908320120079264e-12,0.05591574823483825,6.0
du_pf_soft,32,4,5.0,12.0,7.5,481.4119281768799,0.0,5.3392762250587065e-12,0.05112990131601691,6.0
du_pf_soft,32,6,5.0,1.0,7.5,192.61139965057373,0.0,1.0215265607824197e-12,0.6876260824501514,6.0
du_pf_soft,32,6,5.0,2.0,7.5,442.63253593444824,0.0,3.4593922744582863e-12,1.5379718020558357,6.0
du_pf_soft,32,6,5.0,3.0,7.5,482.67823600769043,0.0,3.2754516126839474e-12,0.24652168527245522,6.0
du_pf_soft,32,6,5.0,4.0,7.5,502.6713008880615,0.0,3.2820760100308027e-12,0.16308157984167337,6.0
du_pf_soft,32,6,5.0,5.0,7.5,515.8901805877686,0.0,3.293414742040323e-12,0.12441982608288527,6.0
du_pf_soft,32,6,5.0,6.0,7.5,525.6713924407959,0.0,3.3128293978770904e-12,0.10110117821022868,6.0
du_pf_soft,32,6,5.0,7.0,7.5,533.4614143371582,0.0,3.333293639343855e-12,0.08536539040505886,6.0
du_pf_soft,32,6,5.0,8.0,7.5,539.9227027893066,0.0,3.3507381338147586e-12,0.07462585112079978,6.0
du_pf_soft,32,6,5.0,9.0,7.5,545.493278503418,0.0,3.367449256995534e-12,0.06729941675439477,6.0
du_pf_soft,32,6,5.0,10.0,7.5,550.3360137939453,0.0,3.386362448998736e-12,0.06102037616074085,6.0
du_pf_soft,32,6,5.0,11.0,7.5,554.6031608581543,0.0,3.4068004087272133e-12,0.05559587967582047,6.0
du_pf_soft,32,6,5.0,12.0,7.5,558.384407043457,0.0,3.427529053222529e-12,0.05078324628993869,6.0
du_pf_soft,32,8,5.0,1.0,7.5,199.83545780181885,0.0,1.778550607299794e-12,0.6903795972466469,6.0
du_pf_soft,32,8,5.0,2.0,7.5,463.59331130981445,0.0,5.778321909361483e-12,1.4904642403125763,6.0
du_pf_soft,32,8,5.0,3.0,7.5,512.8083724975586,0.0,5.6820578414097395e-12,0.2581099970266223,6.0
du_pf_soft,32,8,5.0,4.0,7.5,537.8391265869141,0.0,5.555160508436156e-12,0.17319217883050442,6.0
du_pf_soft,32,8,5.0,5.0,7.5,553.7509498596191,0.0,5.447324652441653e-12,0.13170585595071316,6.0
du_pf_soft,32,8,5.0,6.0,7.5,565.0689430236816,0.0,5.375972934775885e-12,0.10541318682953715,6.0
du_pf_soft,32,8,5.0,7.0,7.5,573.6965293884277,0.0,5.319641374536971e-12,0.08707642555236816,6.0
du_pf_soft,32,8,5.0,8.0,7.5,580.6266212463379,0.0,5.285901399340641e-12,0.07474940503016114,6.0
du_pf_soft,32,8,5.0,9.0,7.5,586.4415397644043,0.0,5.270172993620875e-12,0.06650371989235282,6.0
du_pf_soft,32,8,5.0,10.0,7.5,591.3909187316895,0.0,5.264482138390243e-12,0.05926608759909868,6.0
du_pf_soft,32,8,5.0,11.0,7.5,595.6875610351562,0.0,5.2632221226710935e-12,0.053275590064004064,6.0
du_pf_soft,32,8,5.0,12.0,7.5,599.450122833252,0.0,5.263456666094188e-12,0.04833635361865163,6.0
du_pf_soft,64,4,5.0,1.0,7.5,223.9289150238037,0.0,5.804900204048119e-13,0.7053264603018761,6.0
du_pf_soft,64,4,5.0,2.0,7.5,626.717041015625,0.0,2.9608580161494345e-12,2.2483718544244766,6.0
du_pf_soft,64,4,5.0,3.0,7.5,666.4990119934082,0.0,1.9211006703755704e-12,0.5355686917901039,6.0
du_pf_soft,64,4,5.0,4.0,7.5,689.2505950927734,0.0,2.243854009729659e-12,0.3250223584473133,6.0
du_pf_soft,64,4,5.0,5.0,7.5,703.6351699829102,0.0,2.3251566298021888e-12,0.2544449493288994,6.0
du_pf_soft,64,4,5.0,6.0,7.5,712.8879356384277,0.0,2.4613665394594177e-12,0.24203211907297373,6.0
du_pf_soft,64,4,5.0,7.0,7.5,718.3024749755859,0.0,2.3985458411768636e-12,0.21862049400806427,6.0
du_pf_soft,64,4,5.0,8.0,7.5,722.3307342529297,0.0,2.6091302631202655e-12,0.18608848191797733,6.0
du_pf_soft,64,4,5.0,9.0,7.5,725.1734733581543,0.0,2.6401434918756506e-12,0.13405684800818563,6.0
du_pf_soft,64,4,5.0,10.0,7.5,726.6749954223633,0.0,2.6700734112312767e-12,0.13983674068003893,6.0
du_pf_soft,64,4,5.0,11.0,7.5,728.3513679504395,0.0,2.5307559020149636e-12,0.1551715862005949,6.0
du_pf_soft,64,4,5.0,12.0,7.5,730.3967933654785,0.0,2.789291428308572e-12,0.12554342579096556,6.0
du_pf_soft,64,6,5.0,1.0,7.5,269.68216609954834,0.0,6.617491902282465e-13,0.7127094939351082,6.0
du_pf_soft,64,6,5.0,2.0,7.5,706.0930671691895,0.0,2.8707763569764053e-12,1.9489264413714409,6.0
du_pf_soft,64,6,5.0,3.0,7.5,759.3785209655762,0.0,2.0187998069575407e-12,0.40776115469634533,6.0
du_pf_soft,64,6,5.0,4.0,7.5,788.3462066650391,0.0,2.309163821053871e-12,0.2401208821684122,6.0
du_pf_soft,64,6,5.0,5.0,7.5,805.730037689209,0.0,2.4319306266592892e-12,0.15416459366679192,6.0
du_pf_soft,64,6,5.0,6.0,7.5,818.4909934997559,0.0,2.4653544383377267e-12,0.11566944187507033,6.0
du_pf_soft,64,6,5.0,7.0,7.5,828.5531845092773,0.0,2.4955461654129537e-12,0.09674649080261588,6.0
du_pf_soft,64,6,5.0,8.0,7.5,836.8113021850586,0.0,2.5258080369806087e-12,0.0860190954990685,6.0
du_pf_soft,64,6,5.0,9.0,7.5,843.8033332824707,0.0,2.554989822955902e-12,0.07823158195242286,6.0
du_pf_soft,64,6,5.0,10.0,7.5,849.6935729980469,0.0,2.5771563905824767e-12,0.07093538483604789,6.0
du_pf_soft,64,6,5.0,11.0,7.5,854.741340637207,0.0,2.5988274507111712e-12,0.06467419373802841,6.0
du_pf_soft,64,6,5.0,12.0,7.5,859.1031227111816,0.0,2.619263072628714e-12,0.05899983434937894,6.0
du_pf_soft,64,8,5.0,1.0,7.5,303.3954830169678,0.0,5.959434978646243e-13,0.719864159822464,6.0
du_pf_soft,64,8,5.0,2.0,7.5,762.6418571472168,0.0,2.375838844507084e-12,1.774368792772293,6.0
du_pf_soft,64,8,5.0,3.0,7.5,823.5053176879883,0.0,1.8040259058469104e-12,0.33543238416314125,6.0
du_pf_soft,64,8,5.0,4.0,7.5,853.2715644836426,0.0,1.931429940705805e-12,0.20618307031691074,6.0
du_pf_soft,64,8,5.0,5.0,7.5,871.8374137878418,0.0,2.007080692780199e-12,0.13157481979578733,6.0
du_pf_soft,64,8,5.0,6.0,7.5,886.4119682312012,0.0,2.0345624768540894e-12,0.10618785303086042,6.0
du_pf_soft,64,8,5.0,7.0,7.5,898.6212539672852,0.0,2.0499730487069916e-12,0.09199887420982122,6.0
du_pf_soft,64,8,5.0,8.0,7.5,909.0630378723145,0.0,2.0644373661731982e-12,0.08258273359388113,6.0
du_pf_soft,64,8,5.0,9.0,7.5,918.106388092041,0.0,2.079521423765593e-12,0.07587060844525695,6.0
du_pf_soft,64,8,5.0,10.0,7.5,925.8768348693848,0.0,2.0959457517548234e-12,0.06887478474527597,6.0
du_pf_soft,64,8,5.0,11.0,7.5,932.5638580322266,0.0,2.1138671359394266e-12,0.06271077203564346,6.0
du_pf_soft,64,8,5.0,12.0,7.5,938.3686485290527,0.0,2.132920566105508e-12,0.0573824062012136,6.0
pf_fs_cognitive,16,4,5.0,1.0,7.5,161.09042930603027,0.0,3.57859390653025e-13,0.8334929570555687,6.0
pf_fs_cognitive,16,4,5.0,2.0,7.5,264.6294364929199,0.0,7.68864916598686e-13,1.008403729647398,6.0
pf_fs_cognitive,16,4,5.0,3.0,7.5,285.3816719055176,0.0,8.242470731824065e-13,0.21293800603598356,6.0
pf_fs_cognitive,16,4,5.0,4.0,7.5,296.54748153686523,0.0,8.480679774701318e-13,0.14440579246729612,6.0
pf_fs_cognitive,16,4,5.0,5.0,7.5,303.86304473876953,0.0,8.629609241008352e-13,0.11021061474457383,6.0
pf_fs_cognitive,16,4,5.0,6.0,7.5,309.2230911254883,0.0,8.753762705616995e-13,0.08891605772078037,6.0
pf_fs_cognitive,16,4,5.0,7.0,7.5,313.44292640686035,0.0,8.866176022526151e-13,0.07432268606498837,6.0
pf_fs_cognitive,16,4,5.0,8.0,7.5,316.9195327758789,0.0,8.961110662102784e-13,0.06382342055439949,6.0
pf_fs_cognitive,16,4,5.0,9.0,7.5,319.8863925933838,0.0,9.039547827312993e-13,0.056352352257817984,6.0
pf_fs_cognitive,16,4,5.0,10.0,7.5,322.47460174560547,0.0,9.105331946594481e-13,0.05059962999075651,6.0
pf_fs_cognitive,16,4,5.0,11.0,7.5,324.75822830200195,0.0,9.166532906123648e-13,0.04597275098785758,6.0
pf_fs_cognitive,16,4,5.0,12.0,7.5,326.78845024108887,0.0,9.224479836120007e-13,0.042271354934200644,6.0
pf_fs_cognitive,16,4,5.0,13.0,7.5,328.6109848022461,0.0,9.280409506330503e-13,0.03912980039604008,6.0
pf_fs_cognitive,16,4,5.0,14.0,7.5,330.2642707824707,0.0,9.33303507042035e-13,0.03636386070866138,6.0
pf_fs_cognitive,16,4,5.0,15.0,7.5,331.77697372436523,0.0,9.382942082265984e-13,0.03392349497880787,6.0
pf_fs_cognitive,16,4,5.0,16.0,7.5,333.1714782714844,0.0,9.43019068120666e-13,0.03189338999800384,6.0
pf_fs_cognitive,16,4,5.0,17.0,7.5,334.4643611907959,0.0,9.4745640606892e-13,0.030190377961844206,6.0
pf_fs_cognitive,16,4,5.0,18.0,7.5,335.6642532348633,0.0,9.515761930593142e-13,0.028579263132996857,6.0
pf_fs_cognitive,16,4,5.0,19.0,7.5,336.782470703125,0.0,9.553823186671424e-13,0.027141033206135035,6.0
pf_fs_cognitive,16,4,5.0,20.0,7.5,337.8294792175293,0.0,9.588776729688208e-13,0.02590849087573588,6.0
pf_fs_cognitive,16,6,5.0,1.0,7.5,176.566499710083,0.0,5.609668723529954e-13,0.8345751948654652,6.0
pf_fs_cognitive,16,6,5.0,2.0,7.5,292.594482421875,0.0,1.2136207024147222e-12,0.9423050284385681,6.0
pf_fs_cognitive,16,6,5.0,3.0,7.5,320.9078960418701,0.0,1.3052158061765875e-12,0.22999737318605185,6.0
pf_fs_cognitive,16,6,5.0,4.0,7.5,336.7309970855713,0.0,1.3379771008709346e-12,0.15690765716135502,6.0
pf_fs_cognitive,16,6,5.0,5.0,7.5,346.8944149017334,0.0,1.3535452022173013e-12,0.11882314505055547,6.0
pf_fs_cognitive,16,6,5.0,6.0,7.5,354.1002368927002,0.0,1.3659206585085477e-12,0.09490971779450774,6.0
pf_fs_cognitive,16,6,5.0,7.0,7.5,359.6456241607666,0.0,1.3783659340315703e-12,0.07909137103706598,6.0
pf_fs_cognitive,16,6,5.0,8.0,7.5,364.10583686828613,0.0,1.3900700658901408e-12,0.06792827323079109,6.0
pf_fs_cognitive,16,6,5.0,9.0,7.5,367.83753776550293,0.0,1.3994123412429827e-12,0.059880218002945185,6.0
pf_fs_cognitive,16,6,5.0,10.0,7.5,371.05347633361816,0.0,1.4059444662086959e-12,0.053560329135507345,6.0
pf_fs_cognitive,16,6,5.0,11.0,7.5,373.8580780029297,0.0,1.4107036258549296e-12,0.048326443415135145,6.0
pf_fs_cognitive,16,6,5.0,12.0,7.5,376.3339138031006,0.0,1.4146725681358791e-12,0.04407999129034579,6.0
pf_fs_cognitive,16,6,5.0,13.0,7.5,378.54323959350586,0.0,1.4182980283923216e-12,0.04057808266952634,6.0
pf_fs_cognitive,16,6,5.0,14.0,7.5,380.5278797149658,0.0,1.4218453210602597e-12,0.03761676885187626,6.0
pf_fs_cognitive,16,6,5.0,15.0,7.5,382.3222770690918,0.0,1.4259173201458357e-12,0.0349462206941098,6.0
pf_fs_cognitive,16,6,5.0,16.0,7.5,383.96595001220703,0.0,1.4308079799630648e-12,0.0327388031873852,6.0
pf_fs_cognitive,16,6,5.0,17.0,7.5,385.4891948699951,0.0,1.4363689511615648e-12,0.030881337472237647,6.0
pf_fs_cognitive,16,6,5.0,18.0,7.5,386.9071407318115,0.0,1.4424979019969121e-12,0.029228799743577838,6.0
pf_fs_cognitive,16,6,5.0,19.0,7.5,388.2264575958252,0.0,1.4490713418416606e-12,0.02772688283585012,6.0
pf_fs_cognitive,16,6,5.0,20.0,7.5,389.4544258117676,0.0,1.4558790066251156e-12,0.02635020250454545,6.0
pf_fs_cognitive,16,8,5.0,1.0,7.5,185.75984573364258,0.0,3.9882156855719584e-13,0.8368405215442181,6.0
pf_fs_cognitive,16,8,5.0,2.0,7.5,313.6081027984619,0.0,8.27438447688106e-13,0.9297586716711521,6.0
pf_fs_cognitive,16,8,5.0,3.0,7.5,348.14705657958984,0.0,8.71860380793248e-13,0.24333451502025127,6.0
pf_fs_cognitive,16,8,5.0,4.0,7.5,367.8412208557129,0.0,8.826094965563164e-13,0.166501154191792,6.0
pf_fs_cognitive,16,8,5.0,5.0,7.5,380.51952934265137,0.0,8.962479958624656e-13,0.1254759281873703,6.0
pf_fs_cognitive,16,8,5.0,6.0,7.5,389.32154083251953,0.0,9.137557298132112e-13,0.09937872411683202,6.0
pf_fs_cognitive,16,8,5.0,7.0,7.5,395.85608673095703,0.0,9.291644263351682e-13,0.08146125497296453,6.0
pf_fs_cognitive,16,8,5.0,8.0,7.5,400.96745681762695,0.0,9.408973437614182e-13,0.06870714528486133,6.0
pf_fs_cognitive,16,8,5.0,9.0,7.5,405.12885093688965,0.0,9.499496187500428e-13,0.059618713799864054,6.0
pf_fs_cognitive,16,8,5.0,10.0,7.5,408.6053771972656,0.0,9.578962141987713e-13,0.05267839739099145,6.0
pf_fs_cognitive,16,8,5.0,11.0,7.5,411.5724468231201,0.0,9.652620194843583e-13,0.0471418215893209,6.0
pf_fs_cognitive,16,8,5.0,12.0,7.5,414.15479469299316,0.0,9.717967990513282e-13,0.042637500911951065,6.0
pf_fs_cognitive,16,8,5.0,13.0,7.5,416.4369430541992,0.0,9.774927347855778e-13,0.03891670797020197,6.0
pf_fs_cognitive,16,8,5.0,14.0,7.5,418.47368812561035,0.0,9.826986941470928e-13,0.0358966498170048,6.0
pf_fs_cognitive,16,8,5.0,15.0,7.5,420.3067684173584,0.0,9.878146833630164e-13,0.03335361531935632,6.0
pf_fs_cognitive,16,8,5.0,16.0,7.5,421.97837257385254,0.0,9.928891357772725e-13,0.031183485174551606,6.0
pf_fs_cognitive,16,8,5.0,17.0,7.5,423.51948165893555,0.0,9.977941206157056e-13,0.02935266145505011,6.0
pf_fs_cognitive,16,8,5.0,18.0,7.5,424.94914627075195,0.0,1.0025868092141234e-12,0.027767055900767446,6.0
pf_fs_cognitive,16,8,5.0,19.0,7.5,426.28129386901855,0.0,1.0073176169735467e-12,0.026385329896584153,6.0
pf_fs_cognitive,16,8,5.0,20.0,7.5,427.52996826171875,0.0,1.012044873970855e-12,0.025164848193526268,6.0
pf_fs_cognitive,32,4,5.0,1.0,7.5,226.51149368286133,0.0,2.7888622362906817e-13,0.868870384991169,6.0
pf_fs_cognitive,32,4,5.0,2.0,7.5,415.26635360717773,0.0,9.65687180895969e-13,1.5602739453315735,6.0
pf_fs_cognitive,32,4,5.0,3.0,7.5,436.68358612060547,0.0,9.877637012969541e-13,0.19616512209177017,6.0
pf_fs_cognitive,32,4,5.0,4.0,7.5,447.6064205169678,0.0,1.0007636182290036e-12,0.13514243578538299,6.0
pf_fs_cognitive,32,4,5.0,5.0,7.5,455.7116069793701,0.0,1.021590821783996e-12,0.10867486288771033,6.0
pf_fs_cognitive,32,4,5.0,6.0,7.5,462.26224517822266,0.0,1.0474158492236054e-12,0.09185013687238097,6.0
pf_fs_cognitive,32,4,5.0,7.0,7.5,467.7606658935547,0.0,1.074488401187491e-12,0.0802589412778616,6.0
pf_fs_cognitive,32,4,5.0,8.0,7.5,472.4577941894531,0.0,1.1000883126807085e-12,0.07153340196236968,6.0
pf_fs_cognitive,32,4,5.0,9.0,7.5,476.5259895324707,0.0,1.1227517786332629e-12,0.06478387396782637,6.0
pf_fs_cognitive,32,4,5.0,10.0,7.5,480.07599449157715,0.0,1.1426899804525305e-12,0.05890910606831312,6.0
pf_fs_cognitive,32,4,5.0,11.0,7.5,483.20423316955566,0.0,1.1596036478457193e-12,0.053907716646790504,6.0
pf_fs_cognitive,32,4,5.0,12.0,7.5,485.9844856262207,0.0,1.1743176164146678e-12,0.049636626383289695,6.0
pf_fs_cognitive,32,4,5.0,13.0,7.5,488.47463035583496,0.0,1.1874883146706415e-12,0.04595273872837424,6.0
pf_fs_cognitive,32,4,5.0,14.0,7.5,490.72716903686523,0.0,1.1993543484067502e-12,0.042875750456005335,6.0
pf_fs_cognitive,32,4,5.0,15.0,7.5,492.7741584777832,0.0,1.210935995065983e-12,0.03999487613327801,6.0
pf_fs_cognitive,32,4,5.0,16.0,7.5,494.6458148956299,0.0,1.2219000869440316e-12,0.03718897677026689,6.0
pf_fs_cognitive,32,4,5.0,17.0,7.5,496.37014389038086,0.0,1.2322476769028494e-12,0.03489272482693195,6.0
pf_fs_cognitive,32,4,5.0,18.0,7.5,497.9734516143799,0.0,1.2417666246937638e-12,0.033107937197200954,6.0
pf_fs_cognitive,32,4,5.0,19.0,7.5,499.4607582092285,0.0,1.2505416869745757e-12,0.03147092321887612,6.0
pf_fs_cognitive,32,4,5.0,20.0,7.5,500.83938789367676,0.0,1.2586199799529763e-12,0.02986776432953775,6.0
pf_fs_cognitive,32,6,5.0,1.0,7.5,258.4202346801758,0.0,1.8574167913096556e-13,0.8725464604794979,6.0
pf_fs_cognitive,32,6,5.0,2.0,7.5,468.4006156921387,0.0,6.540077029606626e-13,1.3952546119689941,6.0
pf_fs_cognitive,32,6,5.0,3.0,7.5,499.19033432006836,0.0,6.718046605464129e-13,0.20572503469884396,6.0
pf_fs_cognitive,32,6,5.0,4.0,7.5,515.7111415863037,0.0,6.721362883448231e-13,0.14450709614902735,6.0
pf_fs_cognitive,32,6,5.0,5.0,7.5,526.9676208496094,0.0,6.755898906984654e-13,0.11317845154553652,6.0
pf_fs_cognitive,32,6,5.0,6.0,7.5,535.4780311584473,0.0,6.822953101348573e-13,0.09310714527964592,6.0
pf_fs_cognitive,32,6,5.0,7.0,7.5,542.3636322021484,0.0,6.90731070498757e-13,0.0794271039776504,6.0
pf_fs_cognitive,32,6,5.0,8.0,7.5,548.1354293823242,0.0,6.98559096581463e-13,0.06988705415278673,6.0
pf_fs_cognitive,32,6,5.0,9.0,7.5,553.1077041625977,0.0,7.056477509926424e-13,0.06264544394798577,6.0
pf_fs_cognitive,32,6,5.0,10.0,7.5,557.4773101806641,0.0,7.124204688907596e-13,0.05691312626004219,6.0
pf_fs_cognitive,32,6,5.0,11.0,7.5,561.3429489135742,0.0,7.192188705219035e-13,0.05223967204801738,6.0
pf_fs_cognitive,32,6,5.0,12.0,7.5,564.7803077697754,0.0,7.25816671034215e-13,0.048326538410037756,6.0
pf_fs_cognitive,32,6,5.0,13.0,7.5,567.8636627197266,0.0,7.320466712061038e-13,0.04486140748485923,6.0
pf_fs_cognitive,32,6,5.0,14.0,7.5,570.6374588012695,0.0,7.381069446100877e-13,0.041747866198420525,6.0
pf_fs_cognitive,32,6,5.0,15.0,7.5,573.1446380615234,0.0,7.43999879879078e-13,0.038936379831284285,6.0
pf_fs_cognitive,32,6,5.0,16.0,7.5,575.4271774291992,0.0,7.493959574796701e-13,0.03650099108926952,6.0
pf_fs_cognitive,32,6,5.0,17.0,7.5,577.5144386291504,0.0,7.542027864461094e-13,0.03437417733948678,6.0
pf_fs_cognitive,32,6,5.0,18.0,7.5,579.4344291687012,0.0,7.58829271933683e-13,0.032466395176015794,6.0
pf_fs_cognitive,32,6,5.0,19.0,7.5,581.2146682739258,0.0,7.631288823247134e-13,0.0307599677471444,6.0
pf_fs_cognitive,32,6,5.0,20.0,7.5,582.8750534057617,0.0,7.671315822567427e-13,0.029197534080594778,6.0
pf_fs_cognitive,32,8,5.0,1.0,7.5,267.55920028686523,0.0,3.196487806432849e-13,0.8764214925467968,6.0
pf_fs_cognitive,32,8,5.0,2.0,7.5,490.8706226348877,0.0,1.1214273934923198e-12,1.3524567261338234,6.0
pf_fs_cognitive,32,8,5.0,3.0,7.5,529.770097732544,0.0,1.1641458010389983e-12,0.22100519016385078,6.0
pf_fs_cognitive,32,8,5.0,4.0,7.5,551.0852928161621,0.0,1.1564920917957384e-12,0.1563740400597453,6.0
pf_fs_cognitive,32,8,5.0,5.0,7.5,564.999626159668,0.0,1.1429079271120567e-12,0.12139351293444633,6.0
pf_fs_cognitive,32,8,5.0,6.0,7.5,575.0245018005371,0.0,1.1345711493243073e-12,0.09810767974704504,6.0
pf_fs_cognitive,32,8,5.0,7.0,7.5,582.8005905151367,0.0,1.1323475997463382e-12,0.08232748741284013,6.0
pf_fs_cognitive,32,8,5.0,8.0,7.5,589.1046333312988,0.0,1.1337692810208335e-12,0.07096527796238661,6.0
pf_fs_cognitive,32,8,5.0,9.0,7.5,594.314395904541,0.0,1.1375040127626366e-12,0.0624680295586586,6.0
pf_fs_cognitive,32,8,5.0,10.0,7.5,598.7561073303223,0.0,1.142661578590776e-12,0.055936876218765974,6.0
pf_fs_cognitive,32,8,5.0,11.0,7.5,602.6468086242676,0.0,1.1483975679720025e-12,0.050705868285149336,6.0
pf_fs_cognitive,32,8,5.0,12.0,7.5,606.1394081115723,0.0,1.1545350153948438e-12,0.046570787439122796,6.0
pf_fs_cognitive,32,8,5.0,13.0,7.5,609.3186798095703,0.0,1.1612840680394476e-12,0.043157428270205855,6.0
pf_fs_cognitive,32,8,5.0,14.0,7.5,612.2182884216309,0.0,1.168455635117702e-12,0.040185467107221484,6.0
pf_fs_cognitive,32,8,5.0,15.0,7.5,614.8498611450195,0.0,1.1762942321715897e-12,0.03748037642799318,6.0
pf_fs_cognitive,32,8,5.0,16.0,7.5,617.2480354309082,0.0,1.183843327763666e-12,0.035176912089809775,6.0
pf_fs_cognitive,32,8,5.0,17.0,7.5,619.4633102416992,0.0,1.1907325008335694e-12,0.0332794263958931,6.0
pf_fs_cognitive,32,8,5.0,18.0,7.5,621.5298767089844,0.0,1.1967823625085657e-12,0.03170115943066776,6.0
pf_fs_cognitive,32,8,5.0,19.0,7.5,623.4657325744629,0.0,1.2019076174178992e-12,0.030273968819528818,6.0
pf_fs_cognitive,32,8,5.0,20.0,7.5,625.2751617431641,0.0,1.2061843113325417e-12,0.028901466983370483,6.0
pf_fs_cognitive,64,4,5.0,1.0,7.5,309.53425788879395,0.0,8.84964325653198e-14,0.8953264392912388,6.0
pf_fs_cognitive,64,4,5.0,2.0,7.5,668.030834197998,0.0,7.34994101070027e-13,2.5255194306373596,6.0
pf_fs_cognitive,64,4,5.0,3.0,7.5,694.0720100402832,0.0,5.043755245680596e-13,0.48166155256330967,6.0
pf_fs_cognitive,64,4,5.0,4.0,7.5,711.6296615600586,0.0,5.722289436456245e-13,0.2846768293529749,6.0
pf_fs_cognitive,64,4,5.0,5.0,7.5,724.0088272094727,0.0,5.642452811880912e-13,0.2756739975884557,6.0
pf_fs_cognitive,64,4,5.0,6.0,7.5,731.9182014465332,0.0,6.065045646901058e-13,0.25782546028494835,6.0
pf_fs_cognitive,64,4,5.0,7.0,7.5,736.5635147094727,0.0,6.435870301521227e-13,0.21448797546327114,6.0
pf_fs_cognitive,64,4,5.0,8.0,7.5,739.629451751709,0.0,6.503577693812751e-13,0.19215319398790598,6.0
pf_fs_cognitive,64,4,5.0,9.0,7.5,741.8803901672363,0.0,6.656882839151676e-13,0.16749256011098623,6.0
pf_fs_cognitive,64,4,5.0,10.0,7.5,743.3987998962402,0.0,6.643486242290868e-13,0.15146298380568624,6.0
pf_fs_cognitive,64,4,5.0,11.0,7.5,744.7008438110352,0.0,6.748883170251772e-13,0.13734010187909007,6.0
pf_fs_cognitive,64,4,5.0,12.0,7.5,745.6811027526855,0.0,6.702214898994248e-13,0.13056490663439035,6.0
pf_fs_cognitive,64,4,5.0,13.0,7.5,746.5727119445801,0.0,6.911532012264824e-13,0.11499238852411509,6.0
pf_fs_cognitive,64,4,5.0,14.0,7.5,747.1973838806152,0.0,6.904812889529412e-13,0.1079887468367815,6.0
pf_fs_cognitive,64,4,5.0,15.0,7.5,746.1438446044922,0.0,7.003876272622823e-13,0.11681325128301978,6.0
pf_fs_cognitive,64,4,5.0,16.0,7.5,743.0527725219727,0.0,6.920926590208093e-13,0.15340546378865838,6.0
pf_fs_cognitive,64,4,5.0,17.0,7.5,739.8899421691895,0.0,7.024158332549226e-13,0.1582718724384904,6.0
pf_fs_cognitive,64,4,5.0,18.0,7.5,735.3506050109863,0.0,6.861422576485456e-13,0.19474009424448013,6.0
pf_fs_cognitive,64,4,5.0,19.0,7.5,728.4935455322266,0.0,7.119716413786026e-13,0.22737209778279066,6.0
pf_fs_cognitive,64,4,5.0,20.0,7.5,724.443904876709,0.0,6.489426890345378e-13,0.24657303607091308,6.0
pf_fs_cognitive,64,6,5.0,1.0,7.5,365.6871871948242,0.0,1.3523401695243406e-13,0.9048435315489769,6.0
pf_fs_cognitive,64,6,5.0,2.0,7.5,748.6885452270508,0.0,7.209591047942351e-13,2.030701607465744,6.0
pf_fs_cognitive,64,6,5.0,3.0,7.5,787.456787109375,0.0,6.002029665172514e-13,0.30168574396520853,6.0
pf_fs_cognitive,64,6,5.0,4.0,7.5,809.3582038879395,0.0,6.498817758284338e-13,0.18713368196040392,6.0
pf_fs_cognitive,64,6,5.0,5.0,7.5,824.4460372924805,0.0,6.723119765306108e-13,0.14043778693303466,6.0
pf_fs_cognitive,64,6,5.0,6.0,7.5,836.1791687011719,0.0,6.809788337405428e-13,0.10683746356517076,6.0
pf_fs_cognitive,64,6,5.0,7.0,7.5,845.7460708618164,0.0,6.905610294816286e-13,0.0939690568484366,6.0
pf_fs_cognitive,64,6,5.0,8.0,7.5,853.7063026428223,0.0,6.979179578619284e-13,0.08431910816580057,6.0
pf_fs_cognitive,64,6,5.0,9.0,7.5,860.3365669250488,0.0,7.040332748549567e-13,0.07644160650670528,6.0
pf_fs_cognitive,64,6,5.0,10.0,7.5,865.9652099609375,0.0,7.093265921124538e-13,0.06977624073624611,6.0
pf_fs_cognitive,64,6,5.0,11.0,7.5,870.7321815490723,0.0,7.140846700976139e-13,0.06383351772092283,6.0
pf_fs_cognitive,64,6,5.0,12.0,7.5,874.8661613464355,0.0,7.178966808903597e-13,0.05860452679917216,6.0
pf_fs_cognitive,64,6,5.0,13.0,7.5,878.4546089172363,0.0,7.229395559163422e-13,0.054212803253903985,6.0
pf_fs_cognitive,64,6,5.0,14.0,7.5,881.643424987793,0.0,7.255650471917389e-13,0.050352625316008925,6.0
pf_fs_cognitive,64,6,5.0,15.0,7.5,884.4782600402832,0.0,7.301882893901573e-13,0.04689460201188922,6.0
pf_fs_cognitive,64,6,5.0,16.0,7.5,887.0500373840332,0.0,7.331361486997848e-13,0.043626186437904835,6.0
pf_fs_cognitive,64,6,5.0,17.0,7.5,889.3729362487793,0.0,7.360203204491412e-13,0.040815557818859816,6.0
pf_fs_cognitive,64,6,5.0,18.0,7.5,891.509464263916,0.0,7.376750001586354e-13,0.03863971959799528,6.0
pf_fs_cognitive,64,6,5.0,19.0,7.5,893.4491157531738,0.0,7.391794534927364e-13,0.03663026436697692,6.0
pf_fs_cognitive,64,6,5.0,20.0,7.5,895.2282752990723,0.0,7.385301095650418e-13,0.034728287952020764,6.0
pf_fs_cognitive,64,8,5.0,1.0,7.5,404.33396911621094,0.0,1.2250180541863902e-13,0.9137037433683872,6.0
pf_fs_cognitive,64,8,5.0,2.0,7.5,805.1447143554688,0.0,5.655542740463167e-13,1.7961284071207047,6.0
pf_fs_cognitive,64,8,5.0,3.0,7.5,849.5825157165527,0.0,4.841533845993781e-13,0.2517310185357928,6.0
pf_fs_cognitive,64,8,5.0,4.0,7.5,873.4560317993164,0.0,5.103729633739503e-13,0.1683789137750864,6.0
pf_fs_cognitive,64,8,5.0,5.0,7.5,889.8393363952637,0.0,5.253583280754627e-13,0.12161495489999652,6.0
pf_fs_cognitive,64,8,5.0,6.0,7.5,903.1981506347656,0.0,5.314772991686255e-13,0.10030661197379231,6.0
pf_fs_cognitive,64,8,5.0,7.0,7.5,914.6996002197266,0.0,5.381787019747815e-13,0.08888833737000823,6.0
pf_fs_cognitive,64,8,5.0,8.0,7.5,924.5732536315918,0.0,5.450107918003036e-13,0.07993842521682382,6.0
pf_fs_cognitive,64,8,5.0,9.0,7.5,932.9864196777344,0.0,5.504693838205349e-13,0.07214895216748118,6.0
pf_fs_cognitive,64,8,5.0,10.0,7.5,940.1515960693359,0.0,5.544767932557509e-13,0.06541474047116935,6.0
pf_fs_cognitive,64,8,5.0,11.0,7.5,946.3439674377441,0.0,5.573590795097667e-13,0.05997641175054014,6.0
pf_fs_cognitive,64,8,5.0,12.0,7.5,951.7551383972168,0.0,5.600352555426612e-13,0.055326087633147836,6.0
pf_fs_cognitive,64,8,5.0,13.0,7.5,956.5029258728027,0.0,5.628144621221609e-13,0.0512707200832665,6.0
pf_fs_cognitive,64,8,5.0,14.0,7.5,960.7214202880859,0.0,5.653413079405203e-13,0.04773837188258767,6.0
pf_fs_cognitive,64,8,5.0,15.0,7.5,964.5096397399902,0.0,5.671076232043309e-13,0.044723234605044127,6.0
pf_fs_cognitive,64,8,5.0,16.0,7.5,967.943790435791,0.0,5.686510341247749e-13,0.042004553601145744,6.0
pf_fs_cognitive,64,8,5.0,17.0,7.5,971.0552825927734,0.0,5.696051362717269e-13,0.0394731683190912,6.0
pf_fs_cognitive,64,8,5.0,18.0,7.5,973.8943214416504,0.0,5.704547772334258e-13,0.03709619049914181,6.0
pf_fs_cognitive,64,8,5.0,19.0,7.5,976.4899978637695,0.0,5.714822781733892e-13,0.03496947488747537,6.0
pf_fs_cognitive,64,8,5.0,20.0,7.5,978.8699340820312,0.0,5.726398461046011e-13,0.0330682072089985,6.0
pf_fs_soft,16,4,5.0,1.0,7.5,161.81737232208252,0.0,1.314202497098172e-12,0.8326979503035545,6.0
pf_fs_soft,16,4,5.0,2.0,7.5,264.9264831542969,0.0,3.148049597151599e-12,1.0071938335895538,6.0
pf_fs_soft,16,4,5.0,3.0,7.5,285.6699619293213,0.0,3.315290628288191e-12,0.21240463759750128,6.0
pf_fs_soft,16,4,5.0,4.0,7.5,296.84715461730957,0.0,3.353614518790231e-12,0.1447502989321947,6.0
pf_fs_soft,16,4,5.0,5.0,7.5,304.1522521972656,0.0,3.3765128415680704e-12,0.110097567550838,6.0
pf_fs_soft,16,4,5.0,6.0,7.5,309.5041275024414,0.0,3.39938042721432e-12,0.08846951043233275,6.0
pf_fs_soft,16,4,5.0,7.0,7.5,313.7099914550781,0.0,3.4242924319108532e-12,0.07412279257550836,6.0
pf_fs_soft,16,4,5.0,8.0,7.5,317.18432426452637,0.0,3.4509627618094056e-12,0.06395764206536114,6.0
pf_fs_soft,16,4,5.0,9.0,7.5,320.15013122558594,0.0,3.478010278867502e-12,0.05656874040141702,6.0
pf_fs_soft,16,4,5.0,10.0,7.5,322.73295974731445,0.0,3.504558154906936e-12,0.0509563023224473,6.0
pf_fs_soft,16,4,5.0,11.0,7.5,325.02877616882324,0.0,3.5314440851837506e-12,0.04653291450813413,6.0
pf_fs_soft,16,4,5.0,12.0,7.5,327.0852813720703,0.0,3.5576598023351162e-12,0.042787809390574694,6.0
pf_fs_soft,16,4,5.0,13.0,7.5,328.92876625061035,0.0,3.583028622064499e-12,0.03962105023674667,6.0
pf_fs_soft,16,4,5.0,14.0,7.5,330.60255241394043,0.0,3.6072342825981853e-12,0.03699100378435105,6.0
pf_fs_soft,16,4,5.0,15.0,7.5,332.1338577270508,0.0,3.630848375321509e-12,0.03470976313110441,6.0
pf_fs_soft,16,4,5.0,16.0,7.5,333.5366382598877,0.0,3.653850801836698e-12,0.03246464999392629,6.0
pf_fs_soft,16,4,5.0,17.0,7.5,334.8256092071533,0.0,3.6758037409777115e-12,0.030420544208027422,6.0
pf_fs_soft,16,4,5.0,18.0,7.5,336.01775550842285,0.0,3.696597512142276e-12,0.028677178430370986,6.0
pf_fs_soft,16,4,5.0,19.0,7.5,337.128604888916,0.0,3.716346003992347e-12,0.02726492891088128,6.0
pf_fs_soft,16,4,5.0,20.0,7.5,338.16918182373047,0.0,3.735037784971269e-12,0.025880496366880834,6.0
pf_fs_soft,16,6,5.0,1.0,7.5,176.1338529586792,0.0,2.354001664276774e-12,0.8350040018558502,6.0
pf_fs_soft,16,6,5.0,2.0,7.5,291.8357925415039,0.0,4.778912779824368e-12,0.9437392987310886,6.0
pf_fs_soft,16,6,5.0,3.0,7.5,320.0292739868164,0.0,5.046887536250093e-12,0.2297856230288744,6.0
pf_fs_soft,16,6,5.0,4.0,7.5,335.9453525543213,0.0,5.146322597400759e-12,0.15703982673585415,6.0
pf_fs_soft,16,6,5.0,5.0,7.5,346.19074630737305,0.0,5.213997799052156e-12,0.11907067010179162,6.0
pf_fs_soft,16,6,5.0,6.0,7.5,353.43882751464844,0.0,5.262323210649886e-12,0.09517178172245622,6.0
pf_fs_soft,16,6,5.0,7.0,7.5,358.9648189544678,0.0,5.293378257421877e-12,0.07923018047586083,6.0
pf_fs_soft,16,6,5.0,8.0,7.5,363.3943748474121,0.0,5.315841293356254e-12,0.06803599838167429,6.0
pf_fs_soft,16,6,5.0,9.0,7.5,367.1108932495117,0.0,5.3389333224047354e-12,0.05960302031598985,6.0
pf_fs_soft,16,6,5.0,10.0,7.5,370.297119140625,0.0,5.364347814150634e-12,0.05316529842093587,6.0
pf_fs_soft,16,6,5.0,11.0,7.5,373.07995414733887,0.0,5.392130311861459e-12,0.04794780118390918,6.0
pf_fs_soft,16,6,5.0,12.0,7.5,375.543004989624,0.0,5.423153720258804e-12,0.04367419541813433,6.0
pf_fs_soft,16,6,5.0,13.0,7.5,377.7274703979492,0.0,5.456499205106543e-12,0.0401524833869189,6.0
pf_fs_soft,16,6,5.0,14.0,7.5,379.695348739624,0.0,5.491802711643946e-12,0.037246508756652474,6.0
pf_fs_soft,16,6,5.0,15.0,7.5,381.4896659851074,0.0,5.527863330110922e-12,0.03474031342193484,6.0
pf_fs_soft,16,6,5.0,16.0,7.5,383.1331195831299,0.0,5.5624487085631155e-12,0.0325491048861295,6.0
pf_fs_soft,16,6,5.0,17.0,7.5,384.64391708374023,0.0,5.5949849720143656e-12,0.030692655127495527,6.0
pf_fs_soft,16,6,5.0,18.0,7.5,386.0417175292969,0.0,5.625677691972839e-12,0.02914790587965399,6.0
pf_fs_soft,16,6,5.0,19.0,7.5,387.3462028503418,0.0,5.654989592373226e-12,0.027723020873963833,6.0
pf_fs_soft,16,6,5.0,20.0,7.5,388.56767082214355,0.0,5.683206455355666e-12,0.026430342346429825,6.0
pf_fs_soft,16,8,5.0,1.0,7.5,186.47126960754395,0.0,1.6792019164046934e-12,0.8368316441774368,6.0
pf_fs_soft,16,8,5.0,2.0,7.5,314.05449295043945,0.0,3.5742510127556148e-12,0.9244561791419983,6.0
pf_fs_soft,16,8,5.0,3.0,7.5,348.3885154724121,0.0,3.8372910602627215e-12,0.24320357851684093,6.0
pf_fs_soft,16,8,5.0,4.0,7.5,367.6985054016113,0.0,3.922559773197366e-12,0.16568209789693356,6.0
pf_fs_soft,16,8,5.0,5.0,7.5,380.0458641052246,0.0,3.960256398532515e-12,0.12395351147279143,6.0
pf_fs_soft,16,8,5.0,6.0,7.5,388.6577091217041,0.0,3.978827805965236e-12,0.09768336545675993,6.0
pf_fs_soft,16,8,5.0,7.0,7.5,395.056360244751,0.0,3.9939426074654845e-12,0.08040853124111891,6.0
pf_fs_soft,16,8,5.0,8.0,7.5,400.0677890777588,0.0,4.009224145707334e-12,0.06816654885187745,6.0
pf_fs_soft,16,8,5.0,9.0,7.5,404.1511058807373,0.0,4.0233523029018295e-12,0.05904895951971412,6.0
pf_fs_soft,16,8,5.0,10.0,7.5,407.5860252380371,0.0,4.0372216203801714e-12,0.05216639768332243,6.0
pf_fs_soft,16,8,5.0,11.0,7.5,410.5314121246338,0.0,4.05184601013275e-12,0.04685481754131615,6.0
pf_fs_soft,16,8,5.0,12.0,7.5,413.10615158081055,0.0,4.067065457471434e-12,0.04254623339511454,6.0
pf_fs_soft,16,8,5.0,13.0,7.5,415.38335037231445,0.0,4.083097859927838e-12,0.03898306400515139,6.0
pf_fs_soft,16,8,5.0,14.0,7.5,417.4294376373291,0.0,4.099476468466708e-12,0.036013488192111254,6.0
pf_fs_soft,16,8,5.0,15.0,7.5,419.29495429992676,0.0,4.114610277386292e-12,0.03345385182183236,6.0
pf_fs_soft,16,8,5.0,16.0,7.5,421.0080032348633,0.0,4.1286990170555544e-12,0.031313161132857203,6.0
pf_fs_soft,16,8,5.0,17.0,7.5,422.5822467803955,0.0,4.1427014745606776e-12,0.02954043890349567,6.0
pf_fs_soft,16,8,5.0,18.0,7.5,424.0309295654297,0.0,4.157086675761479e-12,0.027975412318482995,6.0
pf_fs_soft,16,8,5.0,19.0,7.5,425.3761901855469,0.0,4.171836555139259e-12,0.02653693128377199,6.0
pf_fs_soft,16,8,5.0,20.0,7.5,426.6305522918701,0.0,4.18661128307558e-12,0.02515030966605991,6.0
pf_fs_soft,32,4,5.0,1.0,7.5,226.7113332748413,0.0,1.0493306493630696e-12,0.8689291849732399,6.0
pf_fs_soft,32,4,5.0,2.0,7.5,415.6052303314209,0.0,3.81554665724519e-12,1.5683156177401543,6.0
pf_fs_soft,32,4,5.0,3.0,7.5,437.0617256164551,0.0,3.99442524683883e-12,0.19463718123733997,6.0
pf_fs_soft,32,4,5.0,4.0,7.5,447.99767684936523,0.0,4.0103691919504865e-12,0.13450562162324786,6.0
pf_fs_soft,32,4,5.0,5.0,7.5,456.07506942749023,0.0,4.0315694643908336e-12,0.10749019868671894,6.0
pf_fs_soft,32,4,5.0,6.0,7.5,462.6225986480713,0.0,4.062123782553858e-12,0.09106348175555468,6.0
pf_fs_soft,32,4,5.0,7.0,7.5,468.1094799041748,0.0,4.108057630506333e-12,0.0801104148849845,6.0
pf_fs_soft,32,4,5.0,8.0,7.5,472.7975025177002,0.0,4.167663809954937e-12,0.0716784531250596,6.0
pf_fs_soft,32,4,5.0,9.0,7.5,476.86261558532715,0.0,4.237914052752359e-12,0.06474301475100219,6.0
pf_fs_soft,32,4,5.0,10.0,7.5,480.4259796142578,0.0,4.313206513278196e-12,0.058824323117733,6.0
pf_fs_soft,32,4,5.0,11.0,7.5,483.5638065338135,0.0,4.387895266317471e-12,0.05379660637117922,6.0
pf_fs_soft,32,4,5.0,12.0,7.5,486.3433322906494,0.0,4.458850555623265e-12,0.049533120123669505,6.0
pf_fs_soft,32,4,5.0,13.0,7.5,488.82991790771484,0.0,4.5248579527896494e-12,0.04560795146971941,6.0
pf_fs_soft,32,4,5.0,14.0,7.5,491.07672691345215,0.0,4.5857324048345725e-12,0.0423510258551687,6.0
pf_fs_soft,32,4,5.0,15.0,7.5,493.11871337890625,0.0,4.641520813666389e-12,0.039378938963636756,6.0
pf_fs_soft,32,4,5.0,16.0,7.5,494.9836082458496,0.0,4.6928407679476015e-12,0.03676778054796159,6.0
pf_fs_soft,32,4,5.0,17.0,7.5,496.6957473754883,0.0,4.740262151445122e-12,0.03467570117209107,6.0
pf_fs_soft,32,4,5.0,18.0,7.5,498.27527809143066,0.0,4.783774931900724e-12,0.03281647269614041,6.0
pf_fs_soft,32,4,5.0,19.0,7.5,499.74468994140625,0.0,4.823173605568876e-12,0.031055704574100673,6.0
pf_fs_soft,32,4,5.0,20.0,7.5,501.1187801361084,0.0,4.858917969038402e-12,0.029549657367169857,6.0
pf_fs_soft,32,6,5.0,1.0,7.5,257.7689781188965,0.0,7.780873012141077e-13,0.8728497922420502,6.0
pf_fs_soft,32,6,5.0,2.0,7.5,468.46423721313477,0.0,2.8770938065238345e-12,1.3989296853542328,6.0
pf_fs_soft,32,6,5.0,3.0,7.5,499.04169845581055,0.0,2.9849879587138996e-12,0.20560821238905191,6.0
pf_fs_soft,32,6,5.0,4.0,7.5,515.4345703125,0.0,2.9933178230187336e-12,0.14434254821389914,6.0
pf_fs_soft,32,6,5.0,5.0,7.5,526.6349086761475,0.0,3.0142664555229785e-12,0.11322805006057024,6.0
pf_fs_soft,32,6,5.0,6.0,7.5,535.1090431213379,0.0,3.0420350991629177e-12,0.0935426102951169,6.0
pf_fs_soft,32,6,5.0,7.0,7.5,541.963020324707,0.0,3.0743376323427024e-12,0.07992547191679478,6.0
pf_fs_soft,32,6,5.0,8.0,7.5,547.6857223510742,0.0,3.1080573465109337e-12,0.0700659085996449,6.0
pf_fs_soft,32,6,5.0,9.0,7.5,552.5806732177734,0.0,3.1407868486706386e-12,0.06253302376717329,6.0
pf_fs_soft,32,6,5.0,10.0,7.5,556.8527297973633,0.0,3.1711977268862428e-12,0.05663641798309982,6.0
pf_fs_soft,32,6,5.0,11.0,7.5,560.628116607666,0.0,3.2006330365989127e-12,0.05200088513083756,6.0
pf_fs_soft,32,6,5.0,12.0,7.5,563.9678993225098,0.0,3.2299097648031978e-12,0.04790488351136446,6.0
pf_fs_soft,32,6,5.0,13.0,7.5,566.9503364562988,0.0,3.2567560098923677e-12,0.04422034090384841,6.0
pf_fs_soft,32,6,5.0,14.0,7.5,569.6557388305664,0.0,3.2795125766242866e-12,0.04118403559550643,6.0
pf_fs_soft,32,6,5.0,15.0,7.5,572.1353759765625,0.0,3.2983065673748875e-12,0.03859457420185208,6.0
pf_fs_soft,32,6,5.0,16.0,7.5,574.4143943786621,0.0,3.3145164571150593e-12,0.03621297189965844,6.0
pf_fs_soft,32,6,5.0,17.0,7.5,576.5181770324707,0.0,3.3286973302520603e-12,0.034145978395827115,6.0
pf_fs_soft,32,6,5.0,18.0,7.5,578.4610862731934,0.0,3.3412204785961217e-12,0.03240322880446911,6.0
pf_fs_soft,32,6,5.0,19.0,7.5,580.2604370117188,0.0,3.352554599358277e-12,0.03081764793023467,6.0
pf_fs_soft,32,6,5.0,20.0,7.5,581.9362373352051,0.0,3.3640269118517113e-12,0.029334398917853832,6.0
pf_fs_soft,32,8,5.0,1.0,7.5,267.4411745071411,0.0,1.4879717407552937e-12,0.8766104131937027,6.0
pf_fs_soft,32,8,5.0,2.0,7.5,490.82214546203613,0.0,4.613942274713e-12,1.3551680967211723,6.0
pf_fs_soft,32,8,5.0,3.0,7.5,529.7158069610596,0.0,4.78179459936323e-12,0.22119390591979027,6.0
pf_fs_soft,32,8,5.0,4.0,7.5,550.9835357666016,0.0,4.774872862958702e-12,0.15650505106896162,6.0
pf_fs_soft,32,8,5.0,5.0,7.5,564.7717399597168,0.0,4.7576632134546225e-12,0.1209607538767159,6.0
pf_fs_soft,32,8,5.0,6.0,7.5,574.7164344787598,0.0,4.74869688520509e-12,0.09753055265173316,6.0
pf_fs_soft,32,8,5.0,7.0,7.5,582.4192771911621,0.0,4.74981859399648e-12,0.08166385628283024,6.0
pf_fs_soft,32,8,5.0,8.0,7.5,588.7091903686523,0.0,4.7574750196744016e-12,0.07050699973478913,6.0
pf_fs_soft,32,8,5.0,9.0,7.5,594.0201072692871,0.0,4.768035921328458e-12,0.06214569415897131,6.0
pf_fs_soft,32,8,5.0,10.0,7.5,598.5407867431641,0.0,4.7798579940546045e-12,0.05554087646305561,6.0
pf_fs_soft,32,8,5.0,11.0,7.5,602.472095489502,0.0,4.793216957241567e-12,0.0502667473629117,6.0
pf_fs_soft,32,8,5.0,12.0,7.5,605.9692649841309,0.0,4.807490817655517e-12,0.04607477178797126,6.0
pf_fs_soft,32,8,5.0,13.0,7.5,609.1020278930664,0.0,4.821019478811264e-12,0.042567319702357054,6.0
pf_fs_soft,32,8,5.0,14.0,7.5,611.9366607666016,0.0,4.834024253477266e-12,0.039746984373778105,6.0
pf_fs_soft,32,8,5.0,15.0,7.5,614.5379371643066,0.0,4.847285492779038e-12,0.037369007943198085,6.0
pf_fs_soft,32,8,5.0,16.0,7.5,616.9406547546387,0.0,4.861532492084165e-12,0.03517001960426569,6.0
pf_fs_soft,32,8,5.0,17.0,7.5,619.1702766418457,0.0,4.87657132489344e-12,0.03322789573576301,6.0
pf_fs_soft,32,8,5.0,18.0,7.5,621.2455444335938,0.0,4.8915050917359374e-12,0.03157837432809174,6.0
pf_fs_soft,32,8,5.0,19.0,7.5,623.1815528869629,0.0,4.905261438736038e-12,0.030083243269473314,6.0
pf_fs_soft,32,8,5.0,20.0,7.5,624.9883079528809,0.0,4.917345729145732e-12,0.028626873739995062,6.0
pf_fs_soft,64,4,5.0,1.0,7.5,309.57725715637207,0.0,4.1227595085269924e-13,0.895220547914505,6.0
pf_fs_soft,64,4,5.0,2.0,7.5,667.5154838562012,0.0,2.9916399490060447e-12,2.53104105591774,6.0
pf_fs_soft,64,4,5.0,3.0,7.5,693.407341003418,0.0,1.9271332593547063e-12,0.4839285407215357,6.0
pf_fs_soft,64,4,5.0,4.0,7.5,711.0946922302246,0.0,2.195180730170821e-12,0.2855479307472706,6.0
pf_fs_soft,64,4,5.0,5.0,7.5,723.9936256408691,0.0,2.246343669954601e-12,0.2915628617629409,6.0
pf_fs_soft,64,4,5.0,6.0,7.5,731.772216796875,0.0,2.368550168347608e-12,0.25395511370152235,6.0
pf_fs_soft,64,4,5.0,7.0,7.5,736.3306999206543,0.0,2.399014573963281e-12,0.2110996162518859,6.0
pf_fs_soft,64,4,5.0,8.0,7.5,739.4427528381348,0.0,2.50713734034581e-12,0.19220164325088263,6.0
pf_fs_soft,64,4,5.0,9.0,7.5,741.7365989685059,0.0,2.5498093084641224e-12,0.1643149759620428,6.0
pf_fs_soft,64,4,5.0,10.0,7.5,743.3935470581055,0.0,2.5892997107182644e-12,0.15130648715421557,6.0
pf_fs_soft,64,4,5.0,11.0,7.5,744.7070655822754,0.0,2.568213396396575e-12,0.13581900857388973,6.0
pf_fs_soft,64,4,5.0,12.0,7.5,745.6260528564453,0.0,2.6382655164935683e-12,0.13005348946899176,6.0
pf_fs_soft,64,4,5.0,13.0,7.5,746.4219512939453,0.0,2.6444410524469487e-12,0.11862966790795326,6.0
pf_fs_soft,64,4,5.0,14.0,7.5,746.9774780273438,0.0,2.6833106117380053e-12,0.11211885279044509,6.0
pf_fs_soft,64,4,5.0,15.0,7.5,747.5455894470215,0.0,2.653672549442817e-12,0.10309306625276804,6.0
pf_fs_soft,64,4,5.0,16.0,7.5,747.9230842590332,0.0,2.680375979694882e-12,0.10064641525968909,6.0
pf_fs_soft,64,4,5.0,17.0,7.5,748.3953895568848,0.0,2.6949158846872358e-12,0.09785740822553635,6.0
pf_fs_soft,64,4,5.0,18.0,7.5,748.7794876098633,0.0,2.70100704768874e-12,0.09188811620697379,6.0
pf_fs_soft,64,4,5.0,19.0,7.5,748.9682807922363,0.0,2.6991793132188913e-12,0.08872466068714857,6.0
pf_fs_soft,64,4,5.0,20.0,7.5,747.6793060302734,0.0,2.6970421220380266e-12,0.0995172755792737,6.0
pf_fs_soft,64,6,5.0,1.0,7.5,364.9497184753418,0.0,5.665815539106808e-13,0.9047456942498684,6.0
pf_fs_soft,64,6,5.0,2.0,7.5,748.1877899169922,0.0,2.7407560914533263e-12,2.0290926918387413,6.0
pf_fs_soft,64,6,5.0,3.0,7.5,787.0887603759766,0.0,2.2982849855830625e-12,0.3016270799562335,6.0
pf_fs_soft,64,6,5.0,4.0,7.5,809.0019073486328,0.0,2.520804413461402e-12,0.18702629022300243,6.0
pf_fs_soft,64,6,5.0,5.0,7.5,824.2079811096191,0.0,2.610410480575207e-12,0.1406858190894127,6.0
pf_fs_soft,64,6,5.0,6.0,7.5,836.0787925720215,0.0,2.654950156342215e-12,0.10636990051716566,6.0
pf_fs_soft,64,6,5.0,7.0,7.5,845.8244132995605,0.0,2.7062416164350817e-12,0.09458734327927232,6.0
pf_fs_soft,64,6,5.0,8.0,7.5,853.8478164672852,0.0,2.7332665685354633e-12,0.08488750644028187,6.0
pf_fs_soft,64,6,5.0,9.0,7.5,860.4888191223145,0.0,2.7570129949102025e-12,0.07693659188225865,6.0
pf_fs_soft,64,6,5.0,10.0,7.5,866.0778884887695,0.0,2.7780779284262373e-12,0.06979190278798342,6.0
pf_fs_soft,64,6,5.0,11.0,7.5,870.8252449035645,0.0,2.7910244340017317e-12,0.06383314845152199,6.0
pf_fs_soft,64,6,5.0,12.0,7.5,874.9358596801758,0.0,2.8003153080072025e-12,0.05892723868601024,6.0
pf_fs_soft,64,6,5.0,13.0,7.5,878.4968147277832,0.0,2.814734065265242e-12,0.05435663880780339,6.0
pf_fs_soft,64,6,5.0,14.0,7.5,881.6362342834473,0.0,2.822660836754873e-12,0.05036172526888549,6.0
pf_fs_soft,64,6,5.0,15.0,7.5,884.4278793334961,0.0,2.834827153835179e-12,0.0466239950619638,6.0
pf_fs_soft,64,6,5.0,16.0,7.5,886.9532737731934,0.0,2.837993274900589e-12,0.043506878428161144,6.0
pf_fs_soft,64,6,5.0,17.0,7.5,889.242733001709,0.0,2.839765105195919e-12,0.04083176562562585,6.0
pf_fs_soft,64,6,5.0,18.0,7.5,891.3327674865723,0.0,2.837465261666325e-12,0.03844540589489043,6.0
pf_fs_soft,64,6,5.0,19.0,7.5,893.2416725158691,0.0,2.8388072735629002e-12,0.036159603390842676,6.0
pf_fs_soft,64,6,5.0,20.0,7.5,895.0129318237305,0.0,2.8336596544426603e-12,0.03432132420130074,6.0
pf_fs_soft,64,8,5.0,1.0,7.5,403.8303699493408,0.0,5.251214646291255e-13,0.9139608219265938,6.0
pf_fs_soft,64,8,5.0,2.0,7.5,804.2313117980957,0.0,2.445852134919709e-12,1.7983836308121681,6.0
pf_fs_soft,64,8,5.0,3.0,7.5,848.6106185913086,0.0,2.04120718605102e-12,0.2535904087126255,6.0
pf_fs_soft,64,8,5.0,4.0,7.5,872.4646835327148,0.0,2.149433449695308e-12,0.1694068554788828,6.0
pf_fs_soft,64,8,5.0,5.0,7.5,888.8397254943848,0.0,2.2214275402076145e-12,0.12141762254759669,6.0
pf_fs_soft,64,8,5.0,6.0,7.5,902.1627731323242,0.0,2.2557389339945572e-12,0.10043472051620483,6.0
pf_fs_soft,64,8,5.0,7.0,7.5,913.6569023132324,0.0,2.2890116214426773e-12,0.08897224394604564,6.0
pf_fs_soft,64,8,5.0,8.0,7.5,923.5849418640137,0.0,2.3232870976445247e-12,0.08011629898101091,6.0
pf_fs_soft,64,8,5.0,9.0,7.5,932.0538673400879,0.0,2.3542481711932156e-12,0.07241606060415506,6.0
pf_fs_soft,64,8,5.0,10.0,7.5,939.3118515014648,0.0,2.3787814979522176e-12,0.06574127171188593,6.0
pf_fs_soft,64,8,5.0,11.0,7.5,945.5863800048828,0.0,2.3959022089968356e-12,0.060079812072217464,6.0
pf_fs_soft,64,8,5.0,12.0,7.5,951.1163063049316,0.0,2.408473838118666e-12,0.05535341310314834,6.0
pf_fs_soft,64,8,5.0,13.0,7.5,955.924373626709,0.0,2.4191697127788018e-12,0.05129016516730189,6.0
pf_fs_soft,64,8,5.0,14.0,7.5,960.1329345703125,0.0,2.4297044106216022e-12,0.047573525458574295,6.0
pf_fs_soft,64,8,5.0,15.0,7.5,963.8505439758301,0.0,2.43863991703625e-12,0.04424353921785951,6.0
pf_fs_soft,64,8,5.0,16.0,7.5,967.1958389282227,0.0,2.445455804815557e-12,0.041427732445299625,6.0
pf_fs_soft,64,8,5.0,17.0,7.5,970.2311058044434,0.0,2.4515242131239665e-12,0.039031836902722716,6.0
pf_fs_soft,64,8,5.0,18.0,7.5,973.0035438537598,0.0,2.4529448364543106e-12,0.036868801806122065,6.0
pf_fs_soft,64,8,5.0,19.0,7.5,975.561767578125,0.0,2.4538662626112564e-12,0.03494890034198761,6.0
pf_fs_soft,64,8,5.0,20.0,7.5,977.9260520935059,0.0,2.4545727219705844e-12,0.03316472377628088,6.0
